단축코드,한글 종목명,한글 종목약명,
98120,(주)마이크로컨텍솔루션,마이크로컨텍솔,
9520,(주)포스코엠텍,포스코엠텍,
95570,AJ네트웍스보통주,AJ네트웍스,
6840,AK홀딩스보통주,AK홀딩스,
282330,BGF리테일보통주,BGF리테일,
27410,BGF보통주,BGF,
138930,BNK금융지주보통주,BNK금융지주,
1465,BYC1우선주,BYC우,
1460,BYC보통주,BYC,
1045,CJ1우선주,CJ우,
00104K,CJ4우선주(전환),CJ4우(전환),
1040,CJ보통주,CJ,
11155,CJ씨푸드1우선주,CJ씨푸드1우,
11150,CJ씨푸드보통주,CJ씨푸드,
58820,CMG제약,CMG제약,
590,CS홀딩스보통주,CS홀딩스,
12030,DB Inc.보통주,DB,
16610,DB금융투자보통주,DB금융투자,
5830,DB손해보험보통주,DB손해보험,
990,DB하이텍보통주,DB하이텍,
139130,DGB금융지주보통주,DGB금융지주,
1530,DI동일보통주,DI동일,
215,DL1우선주,DL우,
210,DL보통주,DL,
37550K,DL이앤씨1우선주,DL이앤씨우,
37550L,DL이앤씨2우선주(전환),DL이앤씨2우(전환),
375500,DL이앤씨보통주,DL이앤씨,
155660,DSR보통주,DSR,
69730,DSR제강보통주,DSR제강,
17860,DS단석보통주,DS단석,
17940,E1보통주,E1,
365550,ESR켄달스퀘어리츠보통주,ESR켄달스퀘어리츠,
50120,ES큐브,ES큐브,
383220,F&F보통주,F&F,
7700,F&F홀딩스,F&F홀딩스,
78935,GS1우선주,GS우,
6360,GS건설보통주,GS건설,
78930,GS보통주,GS,
12630,HDC보통주,HDC,
294870,HDC현대산업개발보통주,HDC현대산업개발,
97230,HJ중공업보통주,HJ중공업,
14790,HL D&I보통주,HL D&I,
24850,HLB이노베이션,HLB이노베이션,
204320,HL만도보통주,HL만도,
60980,HL홀딩스보통주,HL홀딩스,
35000,HS애드보통주,HS애드,
3560,IHQ보통주,IHQ,
175330,JB금융지주보통주,JB금융지주,
234080,JW생명과학보통주,JW생명과학,
1065,JW중외제약1우선주,JW중외제약우,
1067,JW중외제약2우선주(신형),JW중외제약2우B,
1060,JW중외제약보통주,JW중외제약,
96760,JW홀딩스 보통주,JW홀딩스,
105560,KB금융지주 보통주,KB금융,
432320,KB스타리츠보통주,KB스타리츠,
24120,KB오토시스,KB오토시스,
9070,KCTC 보통주,KCTC,
44180,KD,KD,
3620,KG모빌리티보통주,KG모빌리티,
16380,KG스틸보통주,KG스틸,
1390,KG케미칼보통주,KG케미칼,
33180,KH 필룩스보통주,KH 필룩스,
1940,KISCO홀딩스보통주,KISCO홀딩스,
25000,KPX케미칼보통주,KPX케미칼,
92230,KPX홀딩스보통주,KPX홀딩스,
40,KR모터스보통주,KR모터스,
93050,LF보통주,LF,
3555,LG1우선주,LG우,
34220,LG디스플레이보통주,LG디스플레이,
3550,LG보통주,LG,
51905,LG생활건강1우선주,LG생활건강우,
51900,LG생활건강보통주,LG생활건강,
373220,LG에너지솔루션보통주,LG에너지솔루션,
32640,LG유플러스보통주,LG유플러스,
11070,LG이노텍보통주,LG이노텍,
66575,LG전자1우선주,LG전자우,
66570,LG전자보통주,LG전자,
51915,LG화학1우선주,LG화학우,
51910,LG화학보통주,LG화학,
79550,LIG넥스원보통주,LIG넥스원,
10120,LS ELECTRIC보통주,LS ELECTRIC,
680,LS네트웍스보통주,LS네트웍스,
6260,LS보통주,LS,
229640,LS에코에너지보통주,LS에코에너지,
108320,LX세미콘보통주,LX세미콘,
1120,LX인터내셔널보통주,LX인터내셔널,
86960,MDS테크,MDS테크,
23150,MH에탄올보통주,MH에탄올,
35420,NAVER보통주,NAVER,
181710,NHN보통주,NHN,
338100,NH프라임리츠보통주,NH프라임리츠,
34310,NICE보통주,NICE,
8260,NI스틸보통주,NI스틸,
4255,NPC1우선주,NPC우,
4250,NPC보통주,NPC,
456040,OCI보통주,OCI,
10955,S-Oil1우선주,S-Oil우,
10950,S-Oil보통주,S-Oil,
950110,SBI핀테크솔루션즈,SBI핀테크솔루션즈,
5090,SGC에너지보통주,SGC에너지,
1380,SG글로벌보통주,SG글로벌,
1770,SHD보통주,SHD,
2360,SH에너지화학보통주,SH에너지화학,
9160,SIMPAC보통주,SIMPAC,
123700,SJM보통주,SJM,
25530,SJM홀딩스보통주,SJM홀딩스,
03473K,SK1우선주,SK우,
11790,SKC보통주,SKC,
18670,SK가스보통주,SK가스,
1740,SK네트웍스보통주,SK네트웍스,
210980,SK디앤디보통주,SK디앤디,
395400,SK리츠보통주,SK리츠,
34730,SK보통주,SK,
402340,SK스퀘어보통주,SK스퀘어,
260870,SK시그넷,SK시그넷,
361610,SK아이이테크놀로지보통주,SK아이이테크놀로지,
100090,SK오션플랜트보통주,SK오션플랜트,
96775,SK이노베이션 1우선주,SK이노베이션우,
96770,SK이노베이션 보통주,SK이노베이션,
1515,SK증권1우선주,SK증권우,
1510,SK증권보통주,SK증권,
28513K,SK케미칼1우선주,SK케미칼우,
285130,SK케미칼보통주,SK케미칼,
17670,SK텔레콤보통주,SK텔레콤,
3570,SNT다이내믹스보통주,SNT다이내믹스,
64960,SNT모티브보통주,SNT모티브,
100840,SNT에너지보통주,SNT에너지,
36530,SNT홀딩스보통주,SNT홀딩스,
5610,SPC삼립보통주,SPC삼립,
465770,STX그린로지스보통주,STX그린로지스,
11810,STX보통주,STX,
77970,STX엔진보통주,STX엔진,
71970,STX중공업보통주,STX중공업,
84870,TBH글로벌보통주,TBH글로벌,
2710,TCC스틸보통주,TCC스틸,
24070,WISCOM보통주,WISCOM,
79940,가비아,가비아,
78890,가온그룹,가온그룹,
500,가온전선보통주,가온전선,
399720,가온칩스,가온칩스,
296520,가이아코퍼레이션,가이아코퍼레이션,
36620,감성코퍼레이션,감성코퍼레이션,
860,강남제비스코보통주,강남제비스코,
198440,강동씨앤엘,강동씨앤엘,
217730,강스템바이오텍,강스템바이오텍,
35250,강원랜드보통주,강원랜드,
114190,강원에너지,강원에너지,
94480,갤럭시아머니트리,갤럭시아머니트리,
11420,갤럭시아에스엠보통주,갤럭시아에스엠,
39240,경남스틸,경남스틸,
53950,경남제약,경남제약,
2100,경농보통주,경농,
9450,경동나비엔보통주,경동나비엔,
267290,경동도시가스보통주,경동도시가스,
12320,경동인베스트보통주,경동인베스트,
11040,경동제약,경동제약,
50,경방보통주,경방,
214390,경보제약보통주,경보제약,
12610,경인양행보통주,경인양행,
9140,경인전자보통주,경인전자,
24910,경창산업,경창산업,
13580,계룡건설산업보통주,계룡건설,
12205,계양전기1우선주,계양전기우,
12200,계양전기보통주,계양전기,
2140,고려산업보통주,고려산업,
49720,고려신용정보,고려신용정보,
10130,고려아연보통주,고려아연,
2240,고려제강보통주,고려제강,
14570,고려제약,고려제약,
348150,고바이오랩,고바이오랩,
950190,고스트스튜디오,고스트스튜디오,
98460,고영테크놀러지,고영,
35290,골드앤에스,골드앤에스,
215000,골프존,골프존,
121440,골프존뉴딘홀딩스,골프존뉴딘홀딩스,
366030,공구우먼,공구우먼,
76340,관악산업,관악산업,
9290,광동제약보통주,광동제약,
86220,광동헬스바이오,광동헬스바이오,
14200,광림,광림,
17040,광명전기보통주,광명전기,
29480,광무,광무,
17900,광전자보통주,광전자,
37710,광주신세계보통주,광주신세계,
26910,광진실업,광진실업,
421800,교보12호기업인수목적,교보12호스팩,
440790,교보13호기업인수목적,교보13호스팩,
456490,교보14호기업인수목적,교보14호스팩,
465320,교보15호기업인수목적,교보15호스팩,
30610,교보증권보통주,교보증권,
339770,교촌에프앤비보통주,교촌에프앤비,
53270,구영테크,구영테크,
7690,국도화학보통주,국도화학,
5320,국동보통주,국동,
66620,국보디자인,국보디자인,
1140,국보보통주,국보,
43650,국순당,국순당,
6050,국영지앤엠,국영지앤엠,
60480,국일신동,국일신동,
78130,국일제지,국일제지,
307750,국전약품,국전약품,
2720,국제약품보통주,국제약품,
243870,굿센,굿센,
35080,그래디언트,그래디언트,
114090,그랜드코리아레저보통주,GKL,
900290,그레이트리치과기유한공사,GRT,
453450,그리드위즈,그리드위즈,
204020,그리티,그리티,
402490,그린리소스,그린리소스,
114450,그린생명과학,그린생명과학,
83420,그린케미칼보통주,그린케미칼,
186230,그린플러스,그린플러스,
14530,극동유화보통주,극동유화,
83450,글로벌스탠다드테크놀로지,GST,
900070,글로벌에스엠테크리미티드,글로벌에스엠,
204620,글로벌텍스프리,글로벌텍스프리,
19660,글로본,글로본,
14285,금강공업1우선주,금강공업우,
14280,금강공업보통주,금강공업,
53260,금강철강,금강철강,
8870,금비보통주,금비,
282720,금양그린파워,금양그린파워,
1570,금양보통주,금양,
2995,금호건설1우선주,금호건설우,
2990,금호건설보통주,금호건설,
11785,금호석유화학1우선주,금호석유우,
11780,금호석유화학보통주,금호석유,
214330,금호에이치티보통주,금호에이치티,
1210,금호전기보통주,금호전기,
73240,금호타이어보통주,금호타이어,
36190,금화피에스시,금화피에스시,
49080,기가레인,기가레인,
420770,기가비스,기가비스,
35460,기산텔레콤,기산텔레콤,
92440,기신정기 보통주,기신정기,
270,기아보통주,기아,
456700,길교이앤씨,길교이앤씨,
13700,까뮤이앤씨보통주,까뮤이앤씨,
308100,까스텔바작,까스텔바작,
4545,깨끗한나라1우선주,깨끗한나라우,
4540,깨끗한나라보통주,깨끗한나라,
407400,꿈비,꿈비,
187790,나노,나노,
286750,나노브릭,나노브릭,
121600,나노신소재,나노신소재,
247660,나노씨엠에스,나노씨엠에스,
39860,나노엔텍,나노엔텍,
91970,나노캠텍,나노캠텍,
417010,나노팀,나노팀,
244880,나눔테크,나눔테크,
405920,나라셀라,나라셀라,
288490,나라소프트,나라소프트,
51490,나라엠앤디,나라엠앤디,
137080,나래나노텍,나래나노텍,
190510,나무가,나무가,
242040,나무기술,나무기술,
89600,나스미디어,나스미디어,
293580,나우아이비캐피탈,나우IB,
257990,나우코스,나우코스,
138610,나이벡,나이벡,
130580,나이스디앤비,나이스디앤비,
36800,나이스정보통신,나이스정보통신,
30190,나이스평가정보보통주,NICE평가정보,
267320,나인테크,나인테크,
1260,남광토건보통주,남광토건,
8355,남선알미늄1우선주,남선알미우,
8350,남선알미늄보통주,남선알미늄,
4270,남성보통주,남성,
3925,남양유업1우선주,남양유업우,
3920,남양유업보통주,남양유업,
25860,남해화학보통주,남해화학,
111710,남화산업,남화산업,
91590,남화토건,남화토건,
168330,내츄럴엔도텍,내츄럴엔도텍,
94860,네오리진,네오리진,
253590,네오셈,네오셈,
212560,네오오토,네오오토,
95660,네오위즈,네오위즈,
42420,네오위즈홀딩스,네오위즈홀딩스,
950220,네오이뮨텍,네오이뮨텍,
311390,네오크레마,네오크레마,
85910,네오티스,네오티스,
92730,네오팜,네오팜,
290660,네오펙트,네오펙트,
306620,네온테크,네온테크,
153460,네이블,네이블,
7390,네이처셀,네이처셀,
33640,네패스,네패스,
330860,네패스아크,네패스아크,
5725,넥센1우선주,넥센우,
5720,넥센보통주,넥센,
2355,넥센타이어1우선주(신형),넥센타이어1우B,
2350,넥센타이어보통주,넥센타이어,
89140,넥스턴바이오사이언스,넥스턴바이오,
137940,넥스트아이,넥스트아이,
160550,넥스트엔터테인먼트월드,NEW,
396270,넥스트칩,넥스트칩,
348210,넥스틴,넥스틴,
92790,넥스틸보통주,넥스틸,
225570,넥슨게임즈,넥슨게임즈,
217270,넵튠,넵튠,
251270,넷마블보통주,넷마블,
317860,노드메이슨,노드메이슨,
104620,노랑풍선,노랑풍선,
90355,노루페인트 1우선주,노루페인트우,
90350,노루페인트 보통주,노루페인트,
325,노루홀딩스1우선주,노루홀딩스우,
320,노루홀딩스보통주,노루홀딩스,
194700,노바렉스,노바렉스,
285490,노바텍,노바텍,
283100,노보믹스,노보믹스,
145170,노브랜드,노브랜드,
229500,노브메타파마,노브메타파마,
106520,노블엠앤비,노블엠앤비,
376930,노을,노을,
6280,녹십자보통주,녹십자,
142280,녹십자엠에스,녹십자엠에스,
234690,녹십자웰빙,녹십자웰빙,
5257,녹십자홀딩스2우선주(신형),녹십자홀딩스2우,
5250,녹십자홀딩스보통주,녹십자홀딩스,
65560,녹원씨엔아이,녹원씨엔아이,
4370,농심보통주,농심,
72710,농심홀딩스보통주,농심홀딩스,
154030,농업회사법인 아시아종묘,아시아종묘,
403490,농업회사법인 우듬지팜,우듬지팜,
54050,농업회사법인농우바이오,농우바이오,
69140,누리플랜,누리플랜,
40160,누리플렉스,누리플렉스,
332290,누보,누보,
348340,뉴로메카,뉴로메카,
60260,뉴보텍,뉴보텍,
123840,뉴온,뉴온,
12340,뉴인텍,뉴인텍,
214870,뉴지랩파마,뉴지랩파마,
270870,뉴트리,뉴트리,
144960,뉴파워프라즈마,뉴파워프라즈마,
85670,뉴프렉스,뉴프렉스,
64260,다날,다날,
340360,다보링크,다보링크,
39560,다산네트웍스,다산네트웍스,
154040,다산솔루에타,다산솔루에타,
58730,다스코보통주,다스코,
30210,다올투자증권보통주,다올투자증권,
23590,다우기술보통주,다우기술,
32190,다우데이타,다우데이타,
323350,다원넥스뷰,다원넥스뷰,
68240,다원시스,다원시스,
145210,다이나믹디자인보통주,다이나믹디자인,
19680,대교보통주,대교,
19685,대교우선주(신형),대교우B,
6370,대구백화점보통주,대구백화점,
00806K,대덕1우선주,대덕1우,
8060,대덕보통주,대덕,
353200,대덕전자보통주,대덕전자,
35320K,대덕전자우선주,대덕전자1우,
178600,대동고려삼 주식회사,대동고려삼,
20400,대동금속,대동금속,
8830,대동기어,대동기어,
490,대동보통주,대동,
48470,대동스틸,대동스틸,
8110,대동전자보통주,대동전자,
4780,대륙제관,대륙제관,
5750,대림B&Co보통주,대림B&Co,
17650,대림제지,대림제지,
6570,대림통상보통주,대림통상,
7720,대명소노시즌,대명소노시즌,
389260,대명에너지,대명에너지,
317850,대모엔지니어링,대모,
290670,대보마그네틱,대보마그네틱,
78140,대봉엘에스,대봉엘에스,
65150,대산에프앤비,대산F&B,
1685,대상1우선주,대상우,
1680,대상보통주,대상,
84695,대상홀딩스 1우선주,대상홀딩스우,
84690,대상홀딩스 보통주,대상홀딩스,
36480,대성미생물연구소,대성미생물,
128820,대성산업보통주,대성산업,
117580,대성에너지보통주,대성에너지,
27830,대성창업투자,대성창투,
104040,대성파인텍,대성파인텍,
129920,대성하이텍,대성하이텍,
16710,대성홀딩스보통주,대성홀딩스,
438220,대신밸런스제13호기업인수목적,대신밸런스제13호스팩,
442310,대신밸런스제14호기업인수목적,대신밸런스제14호스팩,
457390,대신밸런스제15호기업인수목적,대신밸런스제15호스팩,
457630,대신밸런스제16호기업인수목적,대신밸런스제16호스팩,
471050,대신밸런스제17호기업인수목적,대신밸런스제17호스팩,
20180,대신정보통신,대신정보통신,
3545,대신증권1우선주,대신증권우,
3547,대신증권2우선주(신형),대신증권2우B,
3540,대신증권보통주,대신증권,
45390,대아티아이,대아티아이,
9190,대양금속보통주,대양금속,
108380,대양전기공업,대양전기공업,
14160,대영포장보통주,대영포장,
47040,대우건설보통주,대우건설,
9320,대우전자부품보통주,대우부품,
3090,대웅보통주,대웅,
69620,대웅제약보통주,대웅제약,
7680,대원,대원,
430,대원강업보통주,대원강업,
48910,대원미디어,대원미디어,
5710,대원산업,대원산업,
6345,대원전선1우선주,대원전선우,
6340,대원전선보통주,대원전선,
3220,대원제약보통주,대원제약,
24890,대원화성보통주,대원화성,
290380,대유,대유,
2880,대유에이텍,대유에이텍,
300,대유플러스보통주,대유플러스,
120240,대정화금,대정화금,
3310,대주산업,대주산업,
114920,대주이엔티 주식회사,대주이엔티,
78600,대주전자재료,대주전자재료,
15230,대창단조보통주,대창단조,
12800,대창보통주,대창,
96350,대창솔루션,대창솔루션,
140520,대창스틸,대창스틸,
131220,대한과학,대한과학,
10170,대한광통신,대한광통신,
54670,대한뉴팜,대한뉴팜,
1070,대한방직보통주,대한방직,
23910,대한약품공업,대한약품,
6650,대한유화보통주,대한유화,
1440,대한전선보통주,대한전선,
84010,대한제강 보통주,대한제강,
1795,대한제당1우선주,대한제당우,
1790,대한제당보통주,대한제당,
1130,대한제분보통주,대한제분,
3495,대한항공1우선주,대한항공우,
3490,대한항공보통주,대한항공,
5880,대한해운보통주,대한해운,
3830,대한화섬보통주,대한화섬,
16090,대현보통주,대현,
69460,대호에이엘보통주,대호에이엘,
21040,대호특수강,대호특수강,
21045,대호특수강1우선주,대호특수강우,
67080,대화제약,대화제약,
43090,더 테크놀로지,더테크놀로지,
298540,더네이쳐홀딩스,더네이쳐홀딩스,
32860,더라미,더라미,
192080,더블유게임즈보통주,더블유게임즈,
393890,더블유씨피,더블유씨피,
299170,더블유에스아이,더블유에스아이,
89230,더이앤엠,THE E&M,
12510,더존비즈온보통주,더존비즈온,
224060,더코디,더코디,
302920,더콘텐츠온,더콘텐츠온,
213420,덕산네오룩스,덕산네오룩스,
317330,덕산테코피아,덕산테코피아,
77360,덕산하이메탈,덕산하이메탈,
4835,덕성1우선주,덕성우,
4830,덕성보통주,덕성,
90410,덕신이피씨,덕신이피씨,
24900,덕양산업보통주,덕양산업,
263600,덕우전자,덕우전자,
194480,데브시스터즈,데브시스터즈,
263800,데이타솔루션,데이타솔루션,
199150,데이터스트림즈,데이터스트림즈,
206560,덱스터스튜디오,덱스터,
261200,덴티스,덴티스,
145720,덴티움보통주,덴티움,
227420,도부마스크,도부마스크,
67990,도이치모터스,도이치모터스,
2150,도화엔지니어링보통주,도화엔지니어링,
6620,동구바이오제약,동구바이오제약,
5160,동국산업,동국산업,
460850,동국씨엠보통주,동국씨엠,
75970,동국알앤에스,동국알앤에스,
100130,동국에스엔씨,동국S&C,
460860,동국제강보통주,동국제강,
86450,동국제약,동국제약,
1230,동국홀딩스보통주,동국홀딩스,
4140,동방보통주,동방,
99410,동방선기,동방선기,
7590,동방아그로보통주,동방아그로,
5965,동부건설1우선주,동부건설우,
5960,동부건설보통주,동부건설,
26960,동서보통주,동서,
2210,동성제약보통주,동성제약,
102260,동성케미컬보통주,동성케미컬,
33500,동성화인텍,동성화인텍,
25950,동신건설,동신건설,
640,동아쏘시오홀딩스보통주,동아쏘시오홀딩스,
170900,동아에스티보통주,동아에스티,
88130,동아엘텍,동아엘텍,
28100,동아지질보통주,동아지질,
282690,동아타이어공업보통주,동아타이어,
41930,동아화성,동아화성,
1525,동양1우선주,동양우,
1527,동양2우선주(신형),동양2우B,
84670,동양고속보통주,동양고속,
1520,동양보통주,동양,
82640,동양생명보험보통주,동양생명,
60380,동양에스텍,동양에스텍,
79960,동양이엔피,동양이엔피,
8970,동양철관보통주,동양철관,
228340,동양파일,동양파일,
92780,동양피스톤보통주,동양피스톤,
88910,동우팜투테이블,동우팜투테이블,
94170,동운아나텍,동운아나텍,
49770,동원F&B보통주,동원F&B,
13120,동원개발,동원개발,
18500,동원금속보통주,동원금속,
6040,동원산업보통주,동원산업,
30720,동원수산보통주,동원수산,
14825,동원시스템즈1우선주,동원시스템즈우,
14820,동원시스템즈보통주,동원시스템즈,
111380,동인기연보통주,동인기연,
163560,동일고무벨트보통주,동일고무벨트,
109860,동일금속,동일금속,
32960,동일기연,동일기연,
4890,동일산업보통주,동일산업,
2690,동일제강보통주,동일제강,
23790,동일철강,동일철강,
5290,동진쎄미켐,동진쎄미켐,
25900,동화기업,동화기업,
20,동화약품보통주,동화약품,
155,두산1우선주,두산우,
157,두산2우선주(신형),두산2우B,
454910,두산로보틱스보통주,두산로보틱스,
241560,두산밥캣보통주,두산밥캣,
150,두산보통주,두산,
34020,두산에너빌리티보통주,두산에너빌리티,
131970,두산테스나,두산테스나,
33626K,두산퓨얼셀1우선주,두산퓨얼셀1우,
33626L,두산퓨얼셀2우선주(신형),두산퓨얼셀2우B,
336260,두산퓨얼셀보통주,두산퓨얼셀,
16740,두올보통주,두올,
73190,듀오백,듀오백,
176750,듀켐바이오,듀켐바이오,
30350,드래곤플라이,드래곤플라이,
203650,드림시큐리티,드림시큐리티,
223250,드림씨아이에스,드림씨아이에스,
60570,드림어스컴퍼니,드림어스컴퍼니,
362990,드림인사이트,드림인사이트,
192650,드림텍보통주,드림텍,
217620,디딤이앤에프,디딤이앤에프,
16670,디모아,디모아,
187870,디바이스이엔지,디바이스이엔지,
456440,디비금융제11호기업인수목적,DB금융스팩11호,
477760,디비금융제12호기업인수목적,DB금융스팩12호,
24090,디씨엠보통주,디씨엠,
3160,디아이보통주,디아이,
92200,디아이씨 보통주,디아이씨,
110990,디아이티,디아이티,
4840,디알비동일보통주,DRB동일,
263690,디알젬,디알젬,
214680,디알텍,디알텍,
347850,디앤디파마텍,디앤디파마텍,
377190,디앤디플랫폼리츠보통주,디앤디플랫폼리츠,
263720,디앤씨미디어,디앤씨미디어,
376300,디어유,디어유,
241520,디에스씨인베스트먼트,DSC인베스트먼트,
109740,디에스케이,디에스케이,
290120,디에이치오토리드,DH오토리드,
25440,디에이치오토웨어,DH오토웨어,
196490,디에이테크놀로지,디에이테크놀로지,
66900,디에이피,디에이피,
180400,디엑스앤브이엑스,DXVX,
127120,디엔에이링크,디엔에이링크,
92070,디엔에프,디엔에프,
7340,디엔오토모티브보통주,DN오토모티브,
68790,디엠에스,DMS,
39840,디오,디오,
219550,디와이디,디와이디,
13570,디와이보통주,디와이,
310870,디와이씨,디와이씨,
210540,디와이파워보통주,디와이파워,
104460,디와이피엔에프,디와이피엔에프,
79810,디이엔티,디이엔티,
113810,디젠스,디젠스,
43360,디지아이,디지아이,
197140,디지캡,디지캡,
68930,디지털대성,디지털대성,
33130,디지틀조선일보,디지틀조선,
60900,디지피,DGP,
105740,디케이락,디케이락,
263020,디케이앤디,디케이앤디,
290550,디케이티,디케이티,
66670,디티씨,디티씨,
187220,디티앤씨,디티앤씨,
383930,디티앤씨알오,디티앤씨알오,
131180,딜리,딜리,
315640,딥노이드,딥노이드,
223310,딥마인드플랫폼,딥마인드,
317120,라닉스,라닉스,
462510,라메디텍,라메디텍,
42510,라온시큐어,라온시큐어,
232680,라온테크,라온테크,
418420,라온텍,라온텍,
300120,라온피플,라온피플,
171120,라이온켐텍,라이온켐텍,
388790,라이콤,라이콤,
347700,라이프시맨틱스,라이프시맨틱스,
214260,라파스,라파스,
403360,라피치,라피치,
115390,락앤락보통주,락앤락,
200350,래몽래인,래몽래인,
171010,램테크놀러지,램테크놀러지,
84650,랩지노믹스,랩지노믹스,
217500,러셀,러셀,
92590,럭스피아,럭스피아,
38390,레드캡투어,레드캡투어,
294140,레몬,레몬,
443250,레뷰코퍼레이션,레뷰코퍼레이션,
228670,레이,레이,
228850,레이언스,레이언스,
412350,레이저쎌,레이저쎌,
199550,레이저옵텍,레이저옵텍,
281740,레이크머티리얼즈,레이크머티리얼즈,
277810,레인보우로보틱스,레인보우로보틱스,
215100,로보로보,로보로보,
90360,로보스타,로보스타,
238500,로보쓰리에이아이,로보쓰리에이아이,
108490,로보티즈,로보티즈,
900260,로스웰인터내셔널,로스웰,
223220,로지스몬,로지스몬,
67730,로지시스,로지시스,
71280,로체시스템즈,로체시스템즈,
32350,롯데관광개발 보통주,롯데관광개발,
89860,롯데렌탈보통주,롯데렌탈,
330590,롯데리츠보통주,롯데리츠,
400,롯데손해보험보통주,롯데손해보험,
23530,롯데쇼핑 보통주,롯데쇼핑,
20150,롯데에너지머티리얼즈보통주,롯데에너지머티리얼즈,
280360,롯데웰푸드보통주,롯데웰푸드,
286940,롯데이노베이트보통주,롯데이노베이트,
4000,롯데정밀화학보통주,롯데정밀화학,
00499K,롯데지주1우선주,롯데지주우,
4990,롯데지주보통주,롯데지주,
5305,롯데칠성음료1우선주,롯데칠성우,
5300,롯데칠성음료보통주,롯데칠성,
11170,롯데케미칼보통주,롯데케미칼,
71840,롯데하이마트보통주,롯데하이마트,
328130,루닛,루닛,
38060,루멘스,루멘스,
162120,루켄테크놀러지스,루켄테크놀러지스,
253610,루트락,루트락,
60240,룽투코리아,룽투코리아,
141080,리가켐 바이오사이언스,리가켐바이오,
58470,리노공업,리노공업,
16100,리더스코스메틱,리더스코스메틱,
12700,리드코프,리드코프,
302550,리메드,리메드,
73570,리튬포어스,리튬포어스,
377450,리파인,리파인,
277070,린드먼아시아인베스트먼트,린드먼아시아,
42500,링네트,링네트,
193250,링크드,링크드,
219420,링크제니시스,링크제니시스,
439090,마녀공장,마녀공장,
27740,마니커보통주,마니커,
195500,마니커에프앤지,마니커에프앤지,
357430,마스턴프리미어리츠보통주,마스턴프리미어리츠,
377480,마음에이아이,마음AI,
305090,마이크로디지탈,마이크로디지탈,
448780,마이크로엔엑스,마이크로엔엑스,
424980,마이크로투나노,마이크로투나노,
169330,마크로밀엠브레인,엠브레인,
38290,마크로젠,마크로젠,
1080,만호제강보통주,만호제강,
267980,매일유업,매일유업,
5990,매일홀딩스,매일홀딩스,
93520,매커스,매커스,
377030,맥스트,맥스트,
88980,맥쿼리한국인프라투융자회사 보통주,맥쿼리인프라,
179720,머니무브,머니무브,
100590,머큐리,머큐리,
67280,멀티캠퍼스,멀티캠퍼스,
72870,메가스터디,메가스터디,
215200,메가스터디교육,메가스터디교육,
133750,메가엠디,메가엠디,
446540,메가터치,메가터치,
235980,메드팩토,메드팩토,
200580,메디쎄이,메디쎄이,
41920,메디아나,메디아나,
233250,메디안디노스틱,메디안디노스틱,
14100,메디앙스,메디앙스,
236340,메디젠휴먼케어,메디젠휴먼케어,
54180,메디콕스,메디콕스,
86900,메디톡스,메디톡스,
78160,메디포스트,메디포스트,
138040,메리츠금융지주회사보통주,메리츠금융지주,
408920,메쎄이상,메쎄이상,
21880,메이슨캐피탈,메이슨캐피탈,
140410,메지온,메지온,
241770,메카로,메카로,
90370,메타랩스보통주,메타랩스,
59210,메타바이오메드,메타바이오메드,
58110,멕아이씨에스,멕아이씨에스,
17180,명문제약 보통주,명문제약,
9900,명신산업보통주,명신산업,
12690,모나리자보통주,모나리자,
5360,모나미보통주,모나미,
70960,모나용평보통주,모나용평,
434480,모니터랩,모니터랩,
80420,모다이노칩,모다이노칩,
417970,모델솔루션,모델솔루션,
80160,모두투어네트워크,모두투어,
87260,모바일어플라이언스,모바일어플라이언스,
101330,모베이스,모베이스,
12860,모베이스전자,모베이스전자,
363260,모비데이즈,모비데이즈,
348030,모비릭스,모비릭스,
250060,모비스,모비스,
288980,모아데이타,모아데이타,
142760,모아라이프플러스,모아라이프플러스,
33200,모아텍,모아텍,
333050,모코엠시스,모코엠시스,
9680,모토닉보통주,모토닉,
118990,모트렉스,모트렉스,
6920,모헨즈,모헨즈,
38340,무궁화인포메이션테크놀로지,MIT,
1810,무림에스피,무림SP,
9200,무림페이퍼보통주,무림페이퍼,
9580,무림피앤피보통주,무림P&P,
322970,무진메디,무진메디,
33920,무학보통주,무학,
8420,문배철강보통주,문배철강,
279600,미디어젠,미디어젠,
95500,미래나노텍,미래나노텍,
254490,미래반도체,미래반도체,
25560,미래산업보통주,미래산업,
218150,미래생명자원,미래생명자원,
7120,미래아이앤지보통주,미래아이앤지,
396690,미래에셋글로벌리츠보통주,미래에셋글로벌리츠,
442900,미래에셋드림기업인수목적1호 주식회사,미래에셋드림스팩1호,
357250,미래에셋맵스리츠보통주,미래에셋맵스리츠,
94800,미래에셋맵스아시아퍼시픽부동산공모1호,맵스리얼티1,
100790,미래에셋벤처투자,미래에셋벤처투자,
412930,미래에셋비전기업인수목적1호,미래에셋비전스팩1호,
446190,미래에셋비전기업인수목적2호,미래에셋비전스팩2호,
448830,미래에셋비전기업인수목적3호,미래에셋비전스팩3호,
477380,미래에셋비전기업인수목적4호,미래에셋비전스팩4호,
477470,미래에셋비전기업인수목적5호,미래에셋비전스팩5호,
478440,미래에셋비전기업인수목적6호,미래에셋비전스팩6호,
85620,미래에셋생명보험보통주,미래에셋생명,
6805,미래에셋증권1우선주,미래에셋증권우,
00680K,미래에셋증권2우선주(신형),미래에셋증권2우B,
6800,미래에셋증권보통주,미래에셋증권,
208890,미래엔에듀파트너,미래엔에듀파트너,
49950,미래컴퍼니,미래컴퍼니,
207760,미스터블루,미스터블루,
2840,미원상사보통주,미원상사,
268280,미원스페셜티케미칼보통주,미원에스씨,
107590,미원홀딩스 보통주,미원홀딩스,
134380,미원화학보통주,미원화학,
351020,미쥬,미쥬,
3650,미창석유공업보통주,미창석유,
59090,미코,미코,
214610,미코바이오메드,미코바이오메드,
201490,미투온,미투온,
452200,민테크,민테크,
418470,밀리의서재,밀리의서재,
206640,바디텍메드,바디텍메드,
18700,바른손,바른손,
35620,바른손이앤에이,바른손이앤에이,
354390,바스칸바이오제약,바스칸바이오제약,
53030,바이넥스,바이넥스,
301300,바이브컴퍼니,바이브컴퍼니,
377740,바이오노트보통주,바이오노트,
64550,바이오니아,바이오니아,
314930,바이오다인,바이오다인,
208710,바이오로그디바이스,바이오로그디바이스,
86820,바이오솔루션,바이오솔루션,
38460,바이오스마트,바이오스마트,
251120,바이오에프디엔씨,바이오에프디엔씨,
199730,바이오인프라,바이오인프라,
266470,바이오인프라생명과학,바이오인프라생명과학,
289170,바이오텐,바이오텐,
86040,바이오톡스텍,바이오톡스텍,
199290,바이오프로테크,바이오프로테크,
99430,바이오플러스,바이오플러스,
32980,바이온,바이온,
308080,바이젠셀,바이젠셀,
43150,바텍,바텍,
323990,박셀바이오,박셀바이오,
3610,방림보통주,방림,
267790,배럴,배럴,
1340,백광산업보통주,백광산업,
46310,백금티앤에이,백금T&A,
35150,백산보통주,백산,
331520,밸로프,밸로프,
438700,버넥트,버넥트,
66410,버킷스튜디오,버킷스튜디오,
2410,범양건영보통주,범양건영,
382900,범한퓨얼셀,범한퓨얼셀,
206400,베노티앤알,베노티앤알,
19010,베뉴지,베뉴지,
177350,베셀,베셀,
424760,벨로크,벨로크,
7210,벽산보통주,벽산,
225530,보광산업,보광산업,
250000,보라티알,보라티알,
2760,보락보통주,보락,
3850,보령보통주,보령,
310210,보로노이,보로노이,
6910,보성파워텍,보성파워텍,
890,보해양조보통주,보해양조,
226340,본느,본느,
206950,볼빅,볼빅,
8470,부-스타,부스타,
3000,부광약품보통주,부광약품,
1275,부국증권1우선주,부국증권우,
1270,부국증권보통주,부국증권,
26940,부국철강 보통주,부국철강,
14470,부방,부방,
11390,부산산업보통주,부산산업,
5030,부산주공보통주,부산주공,
338220,뷰노,뷰노,
100120,뷰웍스,뷰웍스,
406820,뷰티스킨,뷰티스킨,
337930,브랜드엑스코퍼레이션,브랜드엑스코퍼레이션,
99390,브레인즈컴퍼니,브레인즈컴퍼니,
64480,브리지텍,브리지텍,
288330,브릿지바이오테라퓨틱스,브릿지바이오테라퓨틱스,
365900,브이씨,브이씨,
89970,브이엠,브이엠,
251630,브이원텍,브이원텍,
18290,브이티,브이티,
439580,블루엠텍,블루엠텍,
33560,블루콤,블루콤,
191600,블루탑,블루탑,
369370,블리츠웨이스튜디오,블리츠웨이스튜디오,
126340,비나텍,비나텍,
121800,비덴트,비덴트,
82800,비보존제약,비보존 제약,
318410,비비씨,비비씨,
2070,비비안보통주,비비안,
100220,비상교육 보통주,비상교육,
419540,비스토스,비스토스,
146320,비씨엔씨,비씨엔씨,
200780,비씨월드제약,비씨월드제약,
413640,비아이매트릭스,비아이매트릭스,
141000,비아트론,비아트론,
90460,비에이치보통주,비에이치,
83650,비에이치아이,비에이치아이,
139050,비에프랩스,BF랩스,
445360,비엔케이제1호기업인수목적,비엔케이제1호스팩,
473370,비엔케이제2호기업인수목적,비엔케이제2호스팩,
65170,비엘팜텍,비엘팜텍,
86670,비엠티,비엠티,
335890,비올,비올,
230980,비유테크놀러지,비유테크놀러지,
138580,비즈니스온커뮤니케이션,비즈니스온,
126600,비지에프에코머티리얼즈,BGF에코머티리얼즈,
82920,비츠로셀,비츠로셀,
54220,비츠로시스,비츠로시스,
42370,비츠로테크,비츠로테크,
50090,비케이홀딩스,비케이홀딩스,
148780,비큐에이아이,비큐AI,
307870,비투엔,비투엔,
357880,비트나인,비트나인,
32850,비트컴퓨터,비트컴퓨터,
238200,비피도,비피도,
93190,빅솔론,빅솔론,
65450,빅텍,빅텍,
210120,빅토리콘텐츠,빅텐츠,
44480,빌리언스,빌리언스,
5180,빙그레보통주,빙그레,
69540,빛과전자,빛과전자,
72950,빛샘전자,빛샘전자,
266170,뿌리깊은나무들,뿌리깊은나무들,
451250,삐아,삐아,
143240,사람인,사람인,
3960,사조대림보통주,사조대림,
8040,사조동아원보통주,사조동아원,
7160,사조산업보통주,사조산업,
14710,사조씨푸드보통주,사조씨푸드,
6090,사조오양보통주,사조오양,
452430,사피엔반도체,사피엔반도체,
419120,산돌,산돌,
122350,삼기,삼기,
419050,삼기이브이,삼기이브이,
14970,삼륭물산,삼륭물산,
18310,삼목에스폼,삼목에스폼,
12210,삼미금속,삼미금속,
53700,삼보모터스,삼보모터스,
9620,삼보산업,삼보산업,
23600,삼보판지,삼보판지,
1470,삼부토건보통주,삼부토건,
28050,삼성E&A보통주,삼성E&A,
448730,삼성FN리츠보통주,삼성FN리츠,
6405,삼성SDI1우선주,삼성SDI우,
6400,삼성SDI보통주,삼성SDI,
6660,삼성공조보통주,삼성공조,
425290,삼성기업인수목적6호,삼성스팩6호,
439250,삼성기업인수목적7호,삼성스팩7호,
448740,삼성기업인수목적8호,삼성스팩8호,
468510,삼성기업인수목적9호,삼성스팩9호,
02826K,삼성물산1우선주(신형),삼성물산우B,
28260,삼성물산보통주,삼성물산,
207940,삼성바이오로직스보통주,삼성바이오로직스,
32830,삼성생명보험보통주,삼성생명,
18260,삼성에스디에스보통주,삼성에스디에스,
9155,삼성전기1우선주,삼성전기우,
9150,삼성전기보통주,삼성전기,
5935,삼성전자1우선주,삼성전자우,
5930,삼성전자보통주,삼성전자,
1360,삼성제약,삼성제약,
10140,삼성중공업보통주,삼성중공업,
16360,삼성증권보통주,삼성증권,
68290,삼성출판사보통주,삼성출판사,
29780,삼성카드 보통주,삼성카드,
815,삼성화재해상보험1우선주,삼성화재우,
810,삼성화재해상보험보통주,삼성화재,
6110,삼아알미늄보통주,삼아알미늄,
9300,삼아제약,삼아제약,
145995,삼양사1우선주,삼양사우,
145990,삼양사보통주,삼양사,
3230,삼양식품보통주,삼양식품,
2170,삼양통상보통주,삼양통상,
272550,삼양패키징보통주,삼양패키징,
75,삼양홀딩스1우선주,삼양홀딩스우,
70,삼양홀딩스보통주,삼양홀딩스,
60310,삼에스코리아,3S,
2810,삼영무역보통주,삼영무역,
3720,삼영보통주,삼영,
361670,삼영에스앤씨,삼영에스앤씨,
54540,삼영엠텍,삼영엠텍,
65570,삼영이엔씨,삼영이엔씨,
5680,삼영전자공업보통주,삼영전자,
23000,삼원강재 보통주,삼원강재,
4380,삼익THK보통주,삼익THK,
2450,삼익악기보통주,삼익악기,
32280,삼일,삼일,
2290,삼일기업공사,삼일기업공사,
4440,삼일씨엔에스보통주,삼일씨엔에스,
520,삼일제약보통주,삼일제약,
9770,삼정펄프 보통주,삼정펄프,
37460,삼지전자,삼지전자,
32750,삼진,삼진,
54090,삼진엘앤디,삼진엘앤디,
5500,삼진제약보통주,삼진제약,
250,삼천당제약,삼천당제약,
4690,삼천리보통주,삼천리,
24950,삼천리자전거,삼천리자전거,
38500,삼표시멘트,삼표시멘트,
437730,삼현,삼현,
17480,삼현철강,삼현철강,
10960,삼호개발 보통주,삼호개발,
46390,삼화네트웍스,삼화네트웍스,
4450,삼화왕관보통주,삼화왕관,
9470,삼화전기보통주,삼화전기,
11230,삼화전자공업보통주,삼화전자,
1820,삼화콘덴서공업보통주,삼화콘덴서,
390,삼화페인트공업보통주,삼화페인트,
27580,상보,상보,
38540,상상인,상상인,
415580,상상인제3호기업인수목적,상상인제3호스팩,
452670,상상인제4호기업인수목적,상상인제4호스팩,
1290,상상인증권보통주,상상인증권,
41650,상신브레이크보통주,상신브레이크,
91580,상신이디피,상신이디피,
263810,상신전자,상신전자,
89980,상아프론테크,상아프론테크,
42940,상지건설,상지건설,
42600,새로닉스,새로닉스,
75180,새론오토모티브,새론오토모티브,
107600,새빗켐,새빗켐,
411080,샌즈랩,샌즈랩,
252990,샘씨엔에스,샘씨엔에스,
7540,샘표보통주,샘표,
248170,샘표식품보통주,샘표식품,
378800,샤페론,샤페론,
294630,서남,서남,
38070,서린바이오사이언스,서린바이오,
6730,서부티엔디,서부T&D,
79650,서산,서산,
100660,서암기계공업,서암기계공업,
7860,서연보통주,서연,
200880,서연이화보통주,서연이화,
19770,서연탑메탈,서연탑메탈,
17390,서울도시가스보통주,서울가스,
43710,서울리거,서울리거,
92190,서울바이오시스,서울바이오시스,
46890,서울반도체,서울반도체,
4415,서울식품공업1우선주,서울식품우,
4410,서울식품공업보통주,서울식품,
63170,서울옥션,서울옥션,
27040,서울전자통신,서울전자통신,
18680,서울제약,서울제약,
21050,서원보통주,서원,
93920,서원인텍,서원인텍,
189860,서전기전,서전기전,
178320,서진시스템,서진시스템,
122690,서진오토모티브,서진오토모티브,
140070,서플러스글로벌,서플러스글로벌,
11370,서한,서한,
65710,서호전기,서호전기,
8490,서흥보통주,서흥,
35890,서희건설,서희건설,
357550,석경에이티,석경에이티,
3100,선광,선광,
7610,선도전기보통주,선도전기,
67370,선바이오,선바이오,
2820,선앤엘보통주,SUN&L,
171090,선익시스템,선익시스템,
136490,선진보통주,선진,
86710,선진뷰티사이언스,선진뷰티사이언스,
14620,성광벤드,성광벤드,
37350,성도이엔지,성도이엔지,
14915,성문전자1우선주,성문전자우,
14910,성문전자보통주,성문전자,
3080,성보화학보통주,성보화학,
4985,성신양회1우선주,성신양회우,
4980,성신양회보통주,성신양회,
11300,성안머티리얼스보통주,성안머티리얼스,
81580,성우전자,성우전자,
45300,성우테크론,성우테크론,
15750,성우하이텍,성우하이텍,
365340,성일하이텍,성일하이텍,
180,성창기업지주보통주,성창기업지주,
80470,성창오토텍,성창오토텍,
43260,성호전자,성호전자,
148150,세경하이테크,세경하이테크,
2420,세기상사보통주,세기상사,
188260,세니젠,세니젠,
53060,세동,세동,
340440,세림비앤지,세림B&G,
17510,세명전기공업,세명전기,
4365,세방1우선주,세방우,
4360,세방보통주,세방,
4490,세방전지보통주,세방전지,
11560,세보엠이씨,세보엠이씨,
267080,세븐브로이맥주,세븐브로이맥주,
396300,세아메카닉스,세아메카닉스,
1430,세아베스틸지주보통주,세아베스틸지주,
306200,세아제강보통주,세아제강,
3030,세아제강지주보통주,세아제강지주,
19440,세아특수강보통주,세아특수강,
58650,세아홀딩스보통주,세아홀딩스,
13000,세우글로벌보통주,세우글로벌,
100700,세운메디칼,세운메디칼,
24830,세원물산,세원물산,
91090,세원이앤씨보통주,세원이앤씨,
21820,세원정공보통주,세원정공,
67830,세이브존I&C보통주,세이브존I&C,
258830,세종메디칼,세종메디칼,
36630,세종텔레콤,세종텔레콤,
39310,세중,세중,
75580,세진중공업보통주,세진중공업,
67770,세진티에스,세진티에스,
53450,세코닉스,세코닉스,
222810,세토피아,세토피아,
252500,세화피앤씨,세화피앤씨,
321370,센서뷰,센서뷰,
347000,센코,센코,
331920,셀레믹스,셀레믹스,
49180,셀루메드,셀루메드,
299660,셀리드,셀리드,
268600,셀리버리,셀리버리,
108860,셀바스에이아이,셀바스AI,
208370,셀바스헬스케어,셀바스헬스케어,
318160,셀바이오휴먼텍,셀바이오휴먼텍,
258250,셀젠텍,셀젠텍,
68270,셀트리온보통주,셀트리온,
68760,셀트리온제약,셀트리온제약,
68940,셀피글로벌,셀피글로벌,
60230,소니드,소니드,
290690,소룩스,소룩스,
950200,소마젠,소마젠,
32680,소프트센,소프트센,
32685,소프트센1우선주,소프트센우,
258790,소프트캠프,소프트캠프,
66910,손오공,손오공,
43100,솔고바이오메디칼,솔고바이오,
33637K,솔루스첨단소재1우선주,솔루스첨단소재1우,
33637L,솔루스첨단소재2우선주(신형),솔루스첨단소재2우B,
336370,솔루스첨단소재보통주,솔루스첨단소재,
248070,솔루엠보통주,솔루엠,
35610,솔본,솔본,
357780,솔브레인,솔브레인,
36830,솔브레인홀딩스,솔브레인홀딩스,
304100,솔트룩스,솔트룩스,
328380,솔트웨어,솔트웨어,
4430,송원산업보통주,송원산업,
86980,쇼박스,쇼박스,
50960,수산아이앤티,수산아이앤티,
126720,수산인더스트리보통주,수산인더스트리,
17550,수산중공업보통주,수산중공업,
84180,수성웹툰,수성웹툰,
253840,수젠텍,수젠텍,
67160,숲,SOOP,
298830,슈어소프트테크,슈어소프트테크,
236200,슈프리마,슈프리마,
94840,슈프리마에이치큐,슈프리마에이치큐,
192440,슈피겐코리아,슈피겐코리아,
424960,스마트레이더시스템,스마트레이더시스템,
136510,스마트솔루션즈,스마트솔루션즈,
99440,스맥,스맥,
33790,스카이문스테크놀로지,스카이문스테크놀로지,
276040,스코넥엔터테인먼트,스코넥,
159910,스킨앤스킨,스킨앤스킨,
204210,스타에스엠자기관리부동산투자회사보통주,스타에스엠리츠,
115570,스타플렉스,스타플렉스,
330730,스톤브릿지벤처스,스톤브릿지벤처스,
352090,스톰테크,스톰테크,
204630,스튜디오 산타클로스 엔터테인먼트,스튜디오산타클로스,
253450,스튜디오드래곤 주식회사,스튜디오드래곤,
408900,스튜디오미르,스튜디오미르,
415380,스튜디오삼익,스튜디오삼익,
26890,스틱인베스트먼트보통주,스틱인베스트먼트,
13810,스페코,스페코,
203690,스피어파워,스피어파워,
49830,승일,승일,
20710,시공테크,시공테크,
33170,시그네틱스,시그네틱스,
48870,시너지이노베이션,시너지이노베이션,
25320,시노펙스,시노펙스,
134790,시디즈보통주,시디즈,
269620,시스웍,시스웍,
480,시알홀딩스보통주,CR홀딩스,
429270,시지트로닉스,시지트로닉스,
418250,시큐레터,시큐레터,
131090,시큐브,시큐브,
232830,시큐센,시큐센,
16590,신대양제지보통주,신대양제지,
290520,신도기연,신도기연,
29530,신도리코보통주,신도리코,
4970,신라교역보통주,신라교역,
1000,신라섬유,신라섬유,
25870,신라에스지,신라에스지,
215600,신라젠,신라젠,
65350,신성델타테크,신성델타테크,
416180,신성에스티,신성에스티,
11930,신성이엔지보통주,신성이엔지,
5390,신성통상보통주,신성통상,
34300,신세계건설,신세계건설,
4170,신세계보통주,신세계,
35510,신세계아이앤씨 보통주,신세계 I&C,
31430,신세계인터내셔날보통주,신세계인터내셔날,
31440,신세계푸드보통주,신세계푸드,
6880,신송홀딩스보통주,신송홀딩스,
162300,신스틸,신스틸,
290560,신시웨이,신시웨이,
2800,신신제약,신신제약,
5800,신영와코루보통주,신영와코루,
1720,신영증권보통주,신영증권,
472220,신영해피투모로우제10호기업인수목적,신영스팩10호,
430220,신영해피투모로우제8호기업인수목적,신영스팩8호,
445970,신영해피투모로우제9호기업인수목적,신영스팩9호,
9270,신원보통주,신원,
17000,신원종합개발,신원종합개발,
2700,신일전자보통주,신일전자,
12790,신일제약,신일제약,
138070,신진에스엠,신진에스엠,
226330,신테카바이오,신테카바이오,
2870,신풍보통주,신풍,
19175,신풍제약1우선주,신풍제약우,
19170,신풍제약보통주,신풍제약,
481850,신한글로벌액티브리츠보통주,신한글로벌액티브리츠,
55550,신한금융지주회사보통주,신한지주,
404990,신한서부티엔디리츠보통주,신한서부티엔디리츠,
293940,신한알파리츠보통주,신한알파리츠,
418210,신한제10호기업인수목적,신한제10호스팩,
452980,신한제11호기업인수목적,신한제11호스팩,
474660,신한제12호기업인수목적,신한제12호스팩,
474930,신한제13호기업인수목적,신한제13호스팩,
56700,신화인터텍,신화인터텍,
187270,신화콘텍,신화콘텍,
4080,신흥보통주,신흥,
243840,신흥에스이씨,신흥에스이씨,
257720,실리콘투,실리콘투,
222800,심텍,심텍,
36710,심텍홀딩스,심텍홀딩스,
160980,싸이맥스,싸이맥스,
356890,싸이버원,싸이버원,
217330,싸이토젠,싸이토젠,
102280,쌍방울,쌍방울,
3410,쌍용C&E보통주,쌍용C&E,
10280,쌍용정보통신,쌍용정보통신,
4770,써니전자보통주,써니전자,
217320,썬테크,썬테크,
208640,썸에이지,썸에이지,
222420,쎄노텍,쎄노텍,
37760,쎄니트,쎄니트,
99320,쎄트렉아이,쎄트렉아이,
49960,쎌바이오텍,쎌바이오텍,
88280,쏘닉스,쏘닉스,
403550,쏘카보통주,쏘카,
50890,쏠리드,쏠리드,
13720,씨비아이,CBI,
109670,씨싸이트,씨싸이트,
66790,씨씨에스충북방송,씨씨에스,
222080,씨아이에스,씨아이에스,
4920,씨아이테크보통주,씨아이테크,
236030,씨알푸드,씨알푸드,
103660,씨앗,씨앗,
352480,씨앤씨인터내셔널,씨앤씨인터내셔널,
245450,씨앤에스링크,씨앤에스링크,
23460,씨앤에이치,CNH,
264660,씨앤지하이테크,씨앤지하이테크,
352700,씨앤투스,씨앤투스,
56730,씨앤티85,CNT85,
458870,씨어스테크놀로지,씨어스테크놀로지,
65770,씨에스,CS,
297090,씨에스베어링,씨에스베어링,
83660,씨에스에이코스믹,CSA 코스믹,
112610,씨에스윈드보통주,씨에스윈드,
900120,씨엑스아이헬스케어테크놀리지그룹리미티드,씨엑스아이,
359090,씨엔알리서치,씨엔알리서치,
286000,씨엔티드림,씨엔티드림,
115530,씨엔플러스,씨엔플러스,
115480,씨유메디칼시스템,씨유메디칼,
340810,씨유박스,씨유박스,
376290,씨유테크,씨유테크,
189330,씨이랩,씨이랩,
120,씨제이대한통운보통주,CJ대한통운,
311690,씨제이바이오사이언스,CJ 바이오사이언스,
79160,씨제이씨지브이 보통주,CJ CGV,
35760,씨제이이엔엠,CJ ENM,
97955,씨제이제일제당 주식회사 1우선주,CJ제일제당 우,
97950,씨제이제일제당 주식회사 보통주,CJ제일제당,
51500,씨제이프레시웨이,CJ프레시웨이,
96530,씨젠,씨젠,
83790,씨지인바이츠,CG인바이츠,
101240,씨큐브,씨큐브,
60590,씨티씨바이오,씨티씨바이오,
308170,씨티알모빌리티보통주,씨티알모빌리티,
260930,씨티케이,씨티케이,
52300,씨티프라퍼티,씨티프라퍼티,
413630,씨피시스템,씨피시스템,
13990,아가방앤컴퍼니,아가방컴퍼니,
123860,아나패스,아나패스,
25980,아난티,아난티,
8700,아남전자보통주,아남전자,
125210,아모그린텍,아모그린텍,
2795,아모레G1우선주,아모레G우,
00279K,아모레G3우선주(전환),아모레G3우(전환),
2790,아모레G보통주,아모레G,
90435,아모레퍼시픽 1우선주,아모레퍼시픽우,
90430,아모레퍼시픽 보통주,아모레퍼시픽,
52710,아모텍,아모텍,
74430,아미노로직스,아미노로직스,
92040,아미코젠,아미코젠,
83930,아바코,아바코,
149950,아바텍,아바텍,
36010,아비코전자,아비코전자,
2030,아세아보통주,아세아,
183190,아세아시멘트보통주,아세아시멘트,
2310,아세아제지보통주,아세아제지,
50860,아세아텍,아세아텍,
12170,아센디오보통주,아센디오,
136410,아셈스,아셈스,
246720,아스타,아스타,
67390,아스트,아스트,
159010,아스플로,아스플로,
127710,아시아경제,아시아경제,
267850,아시아나IDT보통주,아시아나IDT,
20560,아시아나항공 보통주,아시아나항공,
227610,아우딘퓨쳐스,아우딘퓨쳐스,
143160,아이디스,아이디스,
54800,아이디스홀딩스,아이디스홀딩스,
332370,아이디피,아이디피,
122900,아이마켓코리아보통주,아이마켓코리아,
339950,아이비김영,아이비김영,
439730,아이비케이에스제20호기업인수목적,IBKS제20호스팩,
442770,아이비케이에스제21호기업인수목적,IBKS제21호스팩,
448760,아이비케이에스제22호기업인수목적,IBKS제22호스팩,
467930,아이비케이에스제23호기업인수목적,IBKS제23호스팩,
469480,아이비케이에스제24호기업인수목적,IBKS제24호스팩,
99190,아이센스,아이센스,
289010,아이스크림에듀,아이스크림에듀,
214430,아이쓰리시스템,아이쓰리시스템,
40910,아이씨디,아이씨디,
368600,아이씨에이치,아이씨에이치,
456010,아이씨티케이,아이씨티케이,
52860,아이앤씨테크놀로지,아이앤씨,
10780,아이에스동서보통주,아이에스동서,
95340,아이에스시,ISC,
69920,아이에스이커머스,아이에스이커머스,
38880,아이에이,아이에이,
307180,아이엘사이언스,아이엘사이언스,
101390,아이엠,아이엠,
461030,아이엠비디엑스,아이엠비디엑스,
52220,아이엠비씨,iMBC,
456570,아이엠지티,아이엠지티,
451220,아이엠티,아이엠티,
447690,아이오바이오,아이오바이오,
78860,아이오케이컴퍼니,아이오케이,
90150,아이윈,아이윈,
123010,아이윈플러스,아이윈플러스,
31310,아이즈비전,아이즈비전,
185490,아이진,아이진,
59100,아이컴포넌트,아이컴포넌트,
149010,아이케이세미콘,아이케이세미콘,
262840,아이퀘스트,아이퀘스트,
175250,아이큐어,아이큐어,
52460,아이크래프트,아이크래프트,
119830,아이텍,아이텍,
52770,아이톡시,아이톡시,
124500,아이티센,아이티센,
372800,아이티아이즈,아이티아이즈,
99520,아이티엑스에이아이,ITX-AI,
84850,아이티엠반도체,아이티엠반도체,
114840,아이패밀리에스씨,아이패밀리에스씨,
139990,아주스틸보통주,아주스틸,
27360,아주아이비투자,아주IB투자,
32080,아즈텍더블유비이,아즈텍WB,
13310,아진산업,아진산업,
59120,아진엑스텍,아진엑스텍,
158430,아톤,아톤,
321820,아티스트유나이티드,아티스트유나이티드,
149300,아퓨어스,아퓨어스,
102950,아하,아하,
1540,안국약품,안국약품,
53800,안랩,안랩,
251280,안지오랩,안지오랩,
65660,안트로젠,안트로젠,
297570,알로이스,알로이스,
1780,알루코 보통주,알루코,
260660,알리코제약,알리코제약,
354320,알멕,알멕,
361570,알비더블유,알비더블유,
131370,알서포트,알서포트,
140670,알에스오토메이션,알에스오토메이션,
327260,알에프머트리얼즈,RF머트리얼즈,
96610,알에프세미,알에프세미,
218410,알에프에이치아이씨,RFHIC,
61040,알에프텍,알에프텍,
148250,알엔투테크놀로지,알엔투테크놀로지,
347860,알체라,알체라,
196170,알테오젠,알테오젠,
123750,알톤,알톤,
85810,알티캐스트,알티캐스트,
117670,알파홀딩스,알파홀딩스,
314140,알피바이오,알피바이오,
291650,압타머사이언스,압타머사이언스,
293780,압타바이오,압타바이오,
18250,애경산업보통주,애경산업,
161000,애경케미칼보통주,애경케미칼,
390110,애니메디솔루션,애니메디솔루션,
196300,애니젠,애니젠,
310200,애니플러스,애니플러스,
299910,애닉,애닉,
179530,애드바이오텍,애드바이오텍,
900100,애머릿지코퍼레이션,애머릿지,
205500,액션스퀘어,액션스퀘어,
52790,액토즈소프트,액토즈소프트,
290740,액트로,액트로,
238090,앤디포스,앤디포스,
92600,앤씨앤,앤씨앤,
129890,앱코,앱코,
174900,앱클론 주식회사,앱클론,
255440,야스,야스,
30960,양지사,양지사,
102120,어보브반도체,어보브반도체,
263540,어스앤에어로스페이스,어스앤에어로스페이스,
238120,얼라인드제네틱스,얼라인드,
224810,엄지하우스,엄지하우스,
19990,에너토크,에너토크,
11090,에넥스보통주,에넥스,
270660,에브리봇 주식회사,에브리봇,
38680,에스넷시스템,에스넷,
137310,에스디바이오센서보통주,에스디바이오센서,
217480,에스디생명공학,에스디생명공학,
121890,에스디시스템,에스디시스템,
99220,에스디엔,SDN,
118000,에스메디보통주,에스메디,
304360,에스바이오메딕스,에스바이오메딕스,
289080,에스브이인베스트먼트,SV인베스트먼트,
389500,에스비비테크,에스비비테크,
19550,에스비아이인베스트먼트,SBI인베스트먼트,
34120,에스비에스보통주,SBS,
42110,에스씨디,에스씨디,
36120,에스씨아이평가정보,SCI평가정보,
246960,에스씨엘사이언스,SCL사이언스,
298060,에스씨엠생명과학,에스씨엠생명과학,
65420,에스아이리소스,에스아이리소스,
270210,에스알바이오텍,에스알바이오텍,
103230,에스앤더블류,에스앤더블류,
260970,에스앤디,에스앤디,
101490,에스앤에스텍,에스앤에스텍,
95910,에스에너지,에스에너지,
275630,에스에스알,에스에스알,
419530,에스에이엠지엔터테인먼트,SAMG엔터,
31330,에스에이엠티,에스에이엠티,
60540,에스에이티,에스에이티,
351320,에스에이티,에스에이티이엔지,
56190,에스에프에이,에스에프에이,
36540,에스에프에이반도체,SFA반도체,
80000,에스엔유프리시젼,에스엔유,
91340,에스엔케이폴리텍,S&K폴리텍,
5850,에스엘보통주,에스엘,
214310,에스엘에너지,에스엘에너지,
246250,에스엘에스바이오,에스엘에스바이오,
258540,에스엘테라퓨틱스,에스엘테라퓨틱스,
63440,에스엠라이프디자인그룹,SM Life Design,
10580,에스엠벡셀보통주,에스엠벡셀,
299670,에스엠비나,에스엠비나,
41510,에스엠엔터테인먼트,에스엠,
48550,에스엠컬처앤콘텐츠,SM C&C,
7820,에스엠코어,에스엠코어,
464080,에스오에스랩,에스오에스랩,
109610,에스와이,에스와이,
365330,에스와이스틸텍,에스와이스틸텍,
12750,에스원보통주,에스원,
31860,에스유홀딩스,에스유홀딩스,
306040,에스제이그룹,에스제이그룹,
33530,에스제이지세종보통주,에스제이지세종,
217910,에스제이켐,에스제이켐,
4060,에스지세계물산보통주,SG세계물산,
16250,에스지씨이앤씨,SGC E&C,
49470,에스지에이,SGA,
184230,에스지에이 솔루션즈,SGA솔루션즈,
40610,에스지엔지,SG&G,
255220,에스지이,SG,
6125,에스케이디스커버리1우선주,SK디스커버리우,
6120,에스케이디스커버리보통주,SK디스커버리,
302440,에스케이바이오사이언스보통주,SK바이오사이언스,
326030,에스케이바이오팜보통주,SK바이오팜,
475150,에스케이이터닉스보통주,SK이터닉스,
457940,에스케이증권제10호기업인수목적,에스케이증권제10호스팩,
472230,에스케이증권제11호기업인수목적,에스케이증권제11호스팩,
473000,에스케이증권제12호기업인수목적,에스케이증권제12호스팩,
435870,에스케이증권제8호기업인수목적,에스케이증권제8호스팩,
455910,에스케이증권제9호기업인수목적,에스케이증권제9호스팩,
660,에스케이하이닉스보통주,SK하이닉스,
96630,에스코넥,에스코넥,
69510,에스텍,에스텍,
234300,에스트래픽,에스트래픽,
39440,에스티아이,에스티아이,
98660,에스티오,에스티오,
52020,에스티큐브,에스티큐브,
237690,에스티팜,에스티팜,
50760,에스폴리텍,에스폴리텍,
288620,에스퓨얼셀,에스퓨얼셀,
443670,에스피소프트,에스피소프트,
317830,에스피시스템스,에스피시스템스,
58610,에스피지,에스피지,
43340,에쎈테크,에쎈테크,
23960,에쓰씨엔지니어링보통주,에쓰씨엔지니어링,
298690,에어부산보통주,에어부산,
187660,에이디엠코리아,에이디엠코리아,
54630,에이디칩스,에이디칩스,
200710,에이디테크놀로지,에이디테크놀로지,
96690,에이루트,에이루트,
78520,에이블씨엔씨보통주,에이블씨엔씨,
298380,에이비엘바이오,에이비엘바이오,
203400,에이비온,에이비온,
195990,에이비프로바이오,에이비프로바이오,
3800,에이스침대,에이스침대,
88800,에이스테크놀로지,에이스테크,
241840,에이스토리,에이스토리,
311960,에이아이더뉴트리진,에이아이더뉴트리진,
453860,에이에스텍,에이에스텍,
312610,에이에프더블류,에이에프더블류,
15260,에이엔피보통주,에이엔피,
172670,에이엘티,에이엘티,
234070,에이원알폼,에이원알폼,
140910,에이자기관리부동산투자회사보통주,에이리츠,
445090,에이직랜드,에이직랜드,
39570,에이치디씨랩스보통주,HDC랩스,
89470,에이치디씨현대이피보통주,HDC현대EP,
9540,에이치디한국조선해양보통주,HD한국조선해양,
267270,에이치디현대건설기계보통주,HD현대건설기계,
443060,에이치디현대마린솔루션보통주,HD현대마린솔루션,
10620,에이치디현대미포보통주,HD현대미포,
267250,에이치디현대보통주,HD현대,
322000,에이치디현대에너지솔루션보통주,HD현대에너지솔루션,
42670,에이치디현대인프라코어보통주,HD현대인프라코어,
267260,에이치디현대일렉트릭보통주,HD현대일렉트릭,
329180,에이치디현대중공업보통주,HD현대중공업,
295310,에이치브이엠,에이치브이엠,
297890,에이치비솔루션,HB솔루션,
440290,에이치비인베스트먼트,HB인베스트먼트,
78150,에이치비테크놀러지,HB테크놀러지,
72990,에이치시티,에이치시티,
36640,에이치알에스,HRS,
44990,에이치엔에스하이텍,에이치엔에스하이텍,
28300,에이치엘비,HLB,
3580,에이치엘비글로벌보통주,HLB글로벌,
278650,에이치엘비바이오스텝,HLB바이오스텝,
343090,에이치엘비사이언스,HLB사이언스,
67630,에이치엘비생명과학,HLB생명과학,
47920,에이치엘비제약,HLB제약,
115450,에이치엘비테라퓨틱스,HLB테라퓨틱스,
46210,에이치엘비파나진,HLB파나진,
239610,에이치엘사이언스,에이치엘사이언스,
462020,에이치엠씨아이비제6호기업인수목적,에이치엠씨제6호스팩,
477340,에이치엠씨아이비제7호기업인수목적,에이치엠씨제7호스팩,
11200,에이치엠엠보통주,HMM,
148930,에이치와이티씨,에이치와이티씨,
44780,에이치케이,에이치케이,
195940,에이치케이이노엔,HK이노엔,
403870,에이치피에스피,HPSP,
357230,에이치피오,에이치피오,
355690,에이텀,에이텀,
71670,에이테크솔루션,에이테크솔루션,
45660,에이텍,에이텍,
224110,에이텍모빌리티,에이텍모빌리티,
21080,에이티넘인베스트먼트,에이티넘인베스트,
89530,에이티세미콘,에이티세미콘,
200470,에이팩트,에이팩트,
207490,에이펙스인텍,에이펙스인텍,
262260,에이프로,에이프로,
3060,에이프로젠바이오로직스보통주,에이프로젠바이오로직스,
7460,에이프로젠보통주,에이프로젠,
397030,에이프릴바이오,에이프릴바이오,
244920,에이플러스에셋보통주,에이플러스에셋,
265520,에이피시스템,AP시스템,
278470,에이피알보통주,에이피알,
54620,에이피에스,APS,
211270,에이피위성,AP위성,
109960,에이피헬스케어,AP헬스케어,
230240,에치에프알,에치에프알,
230360,에코마케팅,에코마케팅,
38870,에코바이오홀딩스,에코바이오,
97780,에코볼트,에코볼트,
448280,에코아이,에코아이,
101360,에코앤드림,에코앤드림,
128540,에코캡,에코캡,
86520,에코프로,에코프로,
450080,에코프로머티보통주,에코프로머티,
247540,에코프로비엠,에코프로비엠,
383310,에코프로에이치엔,에코프로에이치엔,
38110,에코플라스틱,에코플라스틱,
73540,에프알텍,에프알텍,
64850,에프앤가이드,에프앤가이드,
214270,에프에스엔,FSN,
36810,에프에스티,에프에스티,
173940,에프엔씨엔터테인먼트,에프엔씨엔터,
83500,에프엔에스테크,에프엔에스테크,
446440,에피바이오텍,에피바이오텍,
54940,엑사이엔씨,엑사이엔씨,
950130,엑세스바이오,엑세스바이오,
205100,엑셈,엑셈,
356680,엑스게이트,엑스게이트,
70300,엑스큐어,엑스큐어,
317770,엑스페릭스,엑스페릭스,
373200,엑스플러스,엑스플러스,
92870,엑시콘,엑시콘,
317870,엔바이오니아,엔바이오니아,
67570,엔브이에이치코리아,엔브이에이치코리아,
236810,엔비티,엔비티,
140610,엔솔바이오사이언스,엔솔바이오사이언스,
333620,엔시스,엔시스,
101400,엔시트론,엔시트론,
36570,엔씨소프트보통주,엔씨소프트,
238170,엔에스엠,엔에스엠,
224760,엔에스컴퍼니,엔에스컴퍼니,
422040,엔에이치기업인수목적23호,엔에이치스팩23호,
437780,엔에이치기업인수목적24호,엔에이치스팩24호,
438580,엔에이치기업인수목적25호,엔에이치스팩25호,
439410,엔에이치기업인수목적26호,엔에이치스팩26호,
440820,엔에이치기업인수목적27호,엔에이치스팩27호,
451700,엔에이치기업인수목적29호,엔에이치스팩29호,
466910,엔에이치기업인수목적30호,엔에이치스팩30호,
104200,엔에이치엔벅스,NHN벅스,
60250,엔에이치엔케이씨피,NHN KCP,
400760,엔에이치올원리츠보통주,NH올원리츠,
5945,엔에이치투자증권1우선주,NH투자증권우,
5940,엔에이치투자증권보통주,NH투자증권,
265740,엔에프씨,엔에프씨,
53290,엔이능률,NE능률,
354200,엔젠바이오,엔젠바이오,
455900,엔젤로보틱스,엔젤로보틱스,
419080,엔젯,엔젯,
93510,엔지브이아이,엔지브이아이,
208860,엔지스테크널러지,엔지스테크널러지,
183490,엔지켐생명과학,엔지켐생명과학,
85310,엔케이 보통주,엔케이,
182400,엔케이맥스,엔케이맥스,
348370,엔켐,엔켐,
69410,엔텔스,엔텔스,
227950,엔투텍,엔투텍,
291230,엔피,엔피,
198080,엔피디,엔피디,
222160,엔피엑스,NPX,
48830,엔피케이,엔피케이,
96870,엘디티,엘디티,
276240,엘리비젼,엘리비젼,
900140,엘브이엠씨홀딩스보통주,엘브이엠씨홀딩스,
376190,엘비루셈,LB루셈,
61970,엘비세미콘,LB세미콘,
309960,엘비인베스트먼트,LB인베스트먼트,
290650,엘앤씨바이오,엘앤씨바이오,
66970,엘앤에프보통주,엘앤에프,
156100,엘앤케이바이오메드,엘앤케이바이오,
60370,엘에스마린솔루션,LS마린솔루션,
417200,엘에스머트리얼즈,LS머트리얼즈,
78020,엘에스증권,LS증권,
311060,엘에이티,엘에이티,
108675,엘엑스하우시스1우선주,LX하우시스우,
108670,엘엑스하우시스보통주,LX하우시스,
38380K,엘엑스홀딩스1우선주,LX홀딩스1우,
383800,엘엑스홀딩스보통주,LX홀딩스,
73110,엘엠에스,엘엠에스,
83310,엘오티베큠,엘오티베큠,
37560,엘지헬로비전보통주,LG헬로비전,
37950,엘컴텍,엘컴텍,
225190,엘케이삼양,LK삼양,
170920,엘티씨,엘티씨,
58630,엠게임,엠게임,
58970,엠로,엠로,
19590,엠벤처투자,엠벤처투자,
97520,엠씨넥스보통주,엠씨넥스,
373170,엠아이큐브솔루션,엠아이큐브솔루션,
179290,엠아이텍,엠아이텍,
9780,엠에스씨,엠에스씨,
123040,엠에스오토텍,엠에스오토텍,
323230,엠에프엠코리아,엠에프엠코리아,
32790,엠젠솔루션,엠젠솔루션,
33160,엠케이전자,엠케이전자,
347890,엠투아이코퍼레이션,엠투아이,
33310,엠투엔,엠투엔,
259630,엠플러스,엠플러스,
105550,엣지파운드리,엣지파운드리,
60850,영림원소프트랩,영림원소프트랩,
14440,영보화학보통주,영보화학,
143540,영우디에스피,영우디에스피,
111770,영원무역보통주,영원무역,
9970,영원무역홀딩스보통주,영원무역홀딩스,
3520,영진약품보통주,영진약품,
670,영풍보통주,영풍,
36560,영풍정밀,영풍정밀,
6740,영풍제지보통주,영풍제지,
12280,영화금속보통주,영화금속,
265560,영화테크,영화테크,
12160,영흥보통주,영흥,
36000,예림당,예림당,
250930,예선테크,예선테크,
53280,예스이십사,예스24,
15360,예스코홀딩스보통주,예스코홀딩스,
122640,예스티,예스티,
900300,오가닉티코스메틱스홀딩스컴퍼니리미티드,오가닉티코스메틱,
212310,오건에코텍,오건에코텍,
45060,오공,오공,
80520,오디텍,오디텍,
7310,오뚜기보통주,오뚜기,
39830,오로라월드,오로라,
322310,오로스테크놀로지,오로스테크놀로지,
46120,오르비텍,오르비텍,
14940,오리엔탈정공,오리엔탈정공,
2630,오리엔트바이오보통주,오리엔트바이오,
65500,오리엔트정공,오리엔트정공,
271560,오리온보통주,오리온,
1800,오리온홀딩스보통주,오리온홀딩스,
10470,오리콤,오리콤,
417860,오브젠,오브젠,
352910,오비고,오비고,
53980,오상자이엘,오상자이엘,
36220,오상헬스케어,오상헬스케어,
52420,오성첨단소재,오성첨단소재,
39200,오스코텍,오스코텍,
31510,오스템,오스템,
10060,오씨아이홀딩스보통주,OCI홀딩스,
368970,오에스피,오에스피,
138080,오이솔루션,오이솔루션,
80580,오킨스전자,오킨스전자,
67170,오텍,오텍,
353590,오토앤,오토앤,
173130,오파스넷,오파스넷,
49480,오픈베이스,오픈베이스,
394280,오픈엣지테크놀로지,오픈엣지테크놀로지,
309930,오하임앤컴퍼니,오하임앤컴퍼니,
244460,올리패스,올리패스,
226950,올릭스,올릭스,
57540,옴니시스템,옴니시스템,
131030,옵투스제약,옵투스제약,
82210,옵트론텍,옵트론텍,
109080,옵티시스,옵티시스,
380540,옵티코어,옵티코어,
153710,옵티팜,옵티팜,
51390,와이더블유,YW,
432430,와이랩,와이랩,
338840,와이바이오로직스,와이바이오로직스,
57030,와이비엠넷,YBM넷,
122990,와이솔,와이솔,
232140,와이씨,와이씨,
112290,와이씨켐,와이씨켐,
65530,와이어블,와이어블,
67900,와이엔텍,와이엔텍,
7530,와이엠,와이엠,
155650,와이엠씨,와이엠씨,
273640,와이엠텍,와이엠텍,
251370,와이엠티,와이엠티,
66430,와이오엠,와이오엠,
273060,와이즈버즈,와이즈버즈,
19210,와이지-원,와이지-원,
122870,와이지엔터테인먼트,와이지엔터테인먼트,
37270,와이지플러스보통주,YG PLUS,
11690,와이투솔루션보통주,와이투솔루션,
40300,와이티엔,YTN,
332570,와이팜,와이팜,
79000,와토스 코리아,와토스코리아,
316140,우리금융지주보통주,우리금융지주,
32820,우리기술,우리기술,
41190,우리기술투자,우리기술투자,
115440,우리넷,우리넷,
46970,우리로,우리로,
82850,우리바이오,우리바이오,
215360,우리산업,우리산업,
72470,우리산업홀딩스,우리산업홀딩스,
73560,우리손에프앤지 농업회사법인,우리손에프앤지,
37400,우리엔터프라이즈,우리엔터프라이즈,
153490,우리이앤엘,우리이앤엘,
101170,우림피티에스,우림피티에스,
6980,우성보통주,우성,
66590,우수AMS,우수AMS,
17370,우신시스템보통주,우신시스템,
103840,우양,우양,
46940,우원개발,우원개발,
215380,우정바이오,우정바이오,
65680,우주일렉트로닉스,우주일렉트로,
105840,우진보통주,우진,
18620,우진비앤지,우진비앤지,
10400,우진아이엔에스보통주,우진아이엔에스,
457550,우진엔텍,우진엔텍,
49800,우진플라임 보통주,우진플라임,
16880,웅진보통주,웅진,
95720,웅진씽크빅 보통주,웅진씽크빅,
396470,워트 주식회사,워트,
5820,원림보통주,원림,
307280,원바이오젠,원바이오젠,
32940,원익,원익,
104830,원익머트리얼즈,원익머트리얼즈,
240810,원익아이피에스,원익IPS,
14190,원익큐브,원익큐브,
74600,원익큐엔씨,원익QnC,
217820,원익피앤이,원익피앤이,
30530,원익홀딩스,원익홀딩스,
12620,원일특강,원일특강,
382840,원준,원준,
336570,원텍,원텍,
376980,원티드랩,원티드랩,
122830,원포유,원포유,
8370,원풍,원풍,
8290,원풍물산,원풍물산,
101160,월덱스,월덱스,
64090,웨스트라이즈,웨스트라이즈,
336060,웨이버스,웨이버스,
95270,웨이브일렉트로닉스,웨이브일렉트로,
10600,웰바이오텍보통주,웰바이오텍,
65950,웰크론,웰크론,
76080,웰크론한텍,웰크론한텍,
43590,웰킵스하이텍,웰킵스하이텍,
196700,웹스,웹스,
69080,웹젠,웹젠,
53580,웹케시,웹케시,
71460,위니아,위니아,
377460,위니아에이드,위니아에이드,
44340,위닉스,위닉스,
330350,위더스제약,위더스제약,
348350,위드텍,위드텍,
112040,위메이드,위메이드,
101730,위메이드맥스,위메이드맥스,
123420,위메이드플레이,위메이드플레이,
65370,위세아이텍,위세아이텍,
140660,위월드 주식회사,위월드,
38620,위즈코프,위즈코프,
299900,위지윅스튜디오,위지윅스튜디오,
36090,위지트,위지트,
136540,윈스,윈스,
320000,윈텍,윈텍,
97800,윈팩,윈팩,
192390,윈하이텍,윈하이텍,
8600,윌비스보통주,윌비스,
335870,윙스풋,윙스풋,
900340,윙입푸드홀딩스,윙입푸드,
14830,유니드 보통주,유니드,
446070,유니드비티플러스보통주,유니드비티플러스,
36200,유니셈,유니셈,
18000,유니슨,유니슨,
47400,유니온머티리얼보통주,유니온머티리얼,
910,유니온보통주,유니온,
203450,유니온커뮤니티,유니온커뮤니티,
11330,유니켐보통주,유니켐,
77500,유니퀘스트 보통주,유니퀘스트,
11320,유니크,유니크,
86390,유니테스트,유니테스트,
241690,유니테크노,유니테크노,
142210,유니트론텍,유니트론텍,
121060,유니포인트,유니포인트,
48430,유라테크,유라테크,
206650,유바이오로직스,유바이오로직스,
89850,유비벨록스,유비벨록스,
84440,유비온,유비온,
32620,유비케어,유비케어,
264450,유비쿼스,유비쿼스,
78070,유비쿼스홀딩스,유비쿼스홀딩스,
2920,유성기업보통주,유성기업,
24800,유성티엔에스,유성티엔에스,
700,유수홀딩스보통주,유수홀딩스,
54930,유신,유신,
69330,유아이디,유아이디,
49520,유아이엘,유아이엘,
435380,유안타제10호기업인수목적,유안타제10호스팩,
444920,유안타제11호기업인수목적,유안타제11호스팩,
446150,유안타제12호기업인수목적,유안타제12호스팩,
449020,유안타제13호기업인수목적,유안타제13호스팩,
450940,유안타제14호기업인수목적,유안타제14호스팩,
473050,유안타제15호기업인수목적,유안타제15호스팩,
474490,유안타제16호기업인수목적,유안타제16호스팩,
430700,유안타제9호기업인수목적,유안타제9호스팩,
3475,유안타증권1우선주,유안타증권우,
3470,유안타증권보통주,유안타증권,
263770,유에스티,유에스티,
337840,유엑스엔,유엑스엔,
72130,유엔젤보통주,유엔젤,
225,유유제약1우선주,유유제약1우,
227,유유제약2우선주(신형),유유제약2우B,
220,유유제약보통주,유유제약,
388720,유일로보틱스,유일로보틱스,
340930,유일에너테크,유일에너테크,
23410,유진기업,유진기업,
468760,유진기업인수목적10호,유진스팩10호,
442130,유진기업인수목적9호,유진스팩9호,
56080,유진로봇,유진로봇,
84370,유진테크,유진테크,
240600,유진테크놀로지,유진테크놀로지,
1200,유진투자증권보통주,유진투자증권,
221800,유투바이오,유투바이오,
179900,유티아이,유티아이,
263050,유틸렉스,유틸렉스,
105,유한양행1우선주,유한양행우,
100,유한양행보통주,유한양행,
3465,유화증권1우선주,유화증권우,
3460,유화증권보통주,유화증권,
191410,육일씨엔에쓰,육일씨엔에쓰,
372170,윤성에프앤씨,윤성에프앤씨,
146060,율촌,율촌,
8730,율촌화학보통주,율촌화학,
72770,율호,율호,
8250,이건산업보통주,이건산업,
39020,이건홀딩스,이건홀딩스,
25820,이구산업보통주,이구산업,
67920,이글루코퍼레이션,이글루,
44960,이글벳,이글벳,
303530,이노뎁,이노뎁,
296640,이노룰스,이노룰스,
302430,이노메트리,이노메트리,
279060,이노벡스,이노벡스,
214320,이노션보통주,이노션,
462350,이노스페이스,이노스페이스,
274400,이노시뮬레이션,이노시뮬레이션,
56090,이노시스,이노시스,
73490,이노와이어리스,이노와이어리스,
215790,이노인스트루먼트,이노인스트루먼트,
344860,이노진,이노진,
88390,이녹스,이녹스,
272290,이녹스첨단소재,이녹스첨단소재,
53350,이니텍,이니텍,
452400,이닉스,이닉스,
264850,이랜시스,이랜시스,
54210,이랜텍,이랜텍,
9730,이렘,이렘,
164060,이루다,이루다,
65440,이루온,이루온,
88260,이리츠코크렙기업구조조정부동산투자회사보통주,이리츠코크렙,
139480,이마트보통주,이마트,
115610,이미지스테크놀로지,이미지스,
131400,이브이첨단소재,이브이첨단소재,
419700,이브이파킹서비스,이브이파킹서비스,
208850,이비테크,이비테크,
351330,이삭엔지니어링,이삭엔지니어링,
80010,이상네트웍스,이상네트웍스,
379390,이성씨엔아이,이성씨엔아이,
457190,이수스페셜티케미컬보통주,이수스페셜티케미컬,
86890,이수앱지스,이수앱지스,
7660,이수페타시스보통주,이수페타시스,
5950,이수화학보통주,이수화학,
15020,이스타코보통주,이스타코,
47560,이스트소프트,이스트소프트,
900110,이스트아시아홀딩스인베스트먼트리미티드,이스트아시아홀딩스,
239340,이스트에이드,이스트에이드,
67010,이씨에스텔레콤,이씨에스,
93230,이아이디보통주,이아이디,
341310,이앤에치,이앤에치,
418620,이에이트,이에이트,
102710,이엔에프테크놀로지,이엔에프테크놀로지,
74610,이엔플러스보통주,이엔플러스,
41520,이엘씨,이엘씨,
63760,이엘피,이엘피,
123570,이엠넷,이엠넷,
278990,이엠비,EMB,
83470,이엠앤아이,이엠앤아이,
95190,이엠코리아,이엠코리아,
91120,이엠텍,이엠텍,
232530,이엠티,이엠티,
102460,이연제약보통주,이연제약,
39030,이오테크닉스,이오테크닉스,
294090,이오플로우,이오플로우,
245620,이원다이애그노믹스,EDGC,
88290,이원컴포텍,이원컴포텍,
84680,이월드보통주,이월드,
181340,이즈미디어,이즈미디어,
37370,이지,EG,
353810,이지바이오,이지바이오,
350520,이지스레지던스리츠보통주,이지스레지던스리츠,
334890,이지스밸류플러스리츠보통주,이지스밸류리츠,
99750,이지케어텍,이지케어텍,
377330,이지트로닉스,이지트로닉스,
35810,이지홀딩스,이지홀딩스,
160600,이큐셀,이큐셀,
92130,이크레더블,이크레더블,
96040,이트론,이트론,
134060,이퓨쳐,이퓨쳐,
1840,이화공영,이화공영,
760,이화산업보통주,이화산업,
24810,이화전기공업,이화전기,
14990,인디에프보통주,인디에프,
41830,인바디,인바디,
352940,인바이오,인바이오,
101140,인바이오젠보통주,인바이오젠,
216400,인바이츠바이오코아,인바이츠바이오코아,
79950,인베니아,인베니아,
389470,인벤티지랩,인벤티지랩,
277410,인산가,인산가,
60150,인선이엔티,인선이엔티,
33230,인성정보,인성정보,
450520,인스웨이브시스템즈,인스웨이브시스템즈,
6490,인스코비보통주,인스코비,
37330,인지디스플레이,인지디스플레,
100030,인지소프트,인지소프트,
23800,인지컨트롤스보통주,인지컨트롤스,
34590,인천도시가스 보통주,인천도시가스,
211050,인카금융서비스,인카금융서비스,
83640,인콘,인콘,
216050,인크로스,인크로스,
49070,인탑스,인탑스,
119610,인터로조,인터로조,
17250,인터엠,인터엠,
129260,인터지스보통주,인터지스,
51370,인터플렉스,인터플렉스,
64290,인텍플러스,인텍플러스,
189300,인텔리안테크놀로지스,인텔리안테크,
150840,인트로메딕,인트로메딕,
48530,인트론바이오테크놀로지,인트론바이오,
23810,인팩보통주,인팩,
115310,인포바인,인포바인,
39290,인포뱅크,인포뱅크,
71200,인피니트헬스케어,인피니트헬스케어,
101930,인화정공,인화정공,
249420,일동제약보통주,일동제약,
230,일동홀딩스보통주,일동홀딩스,
13360,일성건설보통주,일성건설,
3120,일성아이에스보통주,일성아이에스,
333430,일승,일승,
68330,일신바이오베이스,일신바이오,
3200,일신방직보통주,일신방직,
7110,일신석재보통주,일신석재,
7575,일양약품1우선주,일양약품우,
7570,일양약품보통주,일양약품,
178780,일월지엠엘,일월지엠엘,
8500,일정실업보통주,일정실업,
19540,일지테크,일지테크,
81000,일진다이아몬드 보통주,일진다이아,
20760,일진디스플레이보통주,일진디스플,
103590,일진전기 보통주,일진전기,
94820,일진파워,일진파워,
271940,일진하이솔루스보통주,일진하이솔루스,
15860,일진홀딩스보통주,일진홀딩스,
226320,잇츠한불보통주,잇츠한불,
950140,잉글우드랩,잉글우드랩,
49550,잉크테크,잉크테크,
389020,자람테크놀로지,자람테크놀로지,
254120,자비스,자비스,
43910,자연과 환경,자연과환경,
234920,자이글,자이글,
289220,자이언트스텝,자이언트스텝,
317400,자이에스앤디보통주,자이에스앤디,
33240,자화전자보통주,자화전자,
174880,장원테크,장원테크,
49630,재영솔루텍,재영솔루텍,
417840,저스템,저스템,
950,전방보통주,전방,
110020,전진바이오팜,전진바이오팜,
208140,정다운,정다운,
40420,정상제이엘에스,정상제이엘에스,
45510,정원엔시스,정원엔시스,
217190,제너셈,제너셈,
95700,제넥신,제넥신,
72520,제넨바이오,제넨바이오,
122310,제노레이,제노레이,
361390,제노코,제노코,
66830,제노텍,제노텍,
225220,제놀루션,제놀루션,
123330,제닉,제닉,
159580,제로투세븐,제로투세븐,
147830,제룡산업,제룡산업,
33100,제룡전기,제룡전기,
79370,제우스,제우스,
67290,제이더블유신약,JW신약,
54950,제이브이엠,제이브이엠,
23440,제이스코홀딩스,제이스코홀딩스,
90470,제이스텍,제이스텍,
287410,제이시스메디칼,제이시스메디칼,
137950,제이씨케미칼,제이씨케미칼,
33320,제이씨현시스템,제이씨현시스템,
417500,제이아이테크,제이아이테크,
348950,제이알글로벌리츠보통주,제이알글로벌리츠,
204270,제이앤티씨,제이앤티씨,
194370,제이에스코퍼레이션보통주,제이에스코퍼레이션,
26040,제이에스티나,제이에스티나,
452160,제이엔비,제이엔비,
126880,제이엔케이글로벌,제이엔케이글로벌,
322510,제이엘케이,제이엘케이,
254160,제이엠멀티,제이엠멀티,
33050,제이엠아이,제이엠아이,
94970,제이엠티,제이엠티,
418550,제이오,제이오,
35900,제이와이피엔터테인먼트,JYP Ent.,
25620,제이준코스메틱보통주,제이준코스메틱,
420570,제이투케이바이오,제이투케이바이오,
89790,제이티,제이티,
950170,제이티씨,JTC,
30000,제일기획보통주,제일기획,
52670,제일바이오,제일바이오,
271980,제일약품보통주,제일약품,
412540,제일엠앤에스,제일엠앤에스,
1560,제일연마공업보통주,제일연마,
199820,제일일렉트릭,제일일렉트릭,
38010,제일테크노스,제일테크노스,
2620,제일파마홀딩스보통주,제일파마홀딩스,
276730,제주맥주,제주맥주,
80220,제주반도체,제주반도체,
6220,제주은행보통주,제주은행,
89590,제주항공보통주,제주항공,
216080,제테마,제테마,
229000,젠큐릭스,젠큐릭스,
82270,젬백스&카엘,젬백스,
44060,조광아이엘아이,조광ILI,
4910,조광페인트보통주,조광페인트,
4700,조광피혁보통주,조광피혁,
1550,조비보통주,조비,
462520,조선내화보통주,조선내화,
120030,조선선재 보통주,조선선재,
34940,조아제약,조아제약,
67000,조이시티,조이시티,
18470,조일알미늄보통주,조일알미늄,
2600,조흥보통주,조흥,
63160,종근당바이오보통주,종근당바이오,
185750,종근당보통주,종근당,
1630,종근당홀딩스보통주,종근당홀딩스,
33340,좋은사람들,좋은사람들,
36930,주성엔지니어링,주성엔지니어링,
109070,주성코퍼레이션보통주,주성코퍼레이션,
185190,주식회사 수프로,수프로,
357580,주식회사 아모센스,아모센스,
226400,주식회사 오스테오닉,오스테오닉,
440320,주식회사 오픈놀,오픈놀,
187420,주식회사 제노포커스,제노포커스,
189350,주식회사 코셋,코셋,
348080,주식회사 큐라티스,큐라티스,
23450,주식회사동남합성,동남합성,
2380,주식회사케이씨씨,KCC,
44380,주연테크 보통주,주연테크,
24110,중소기업은행보통주,기업은행,
72020,중앙백신연구소,중앙백신,
440,중앙에너비스,중앙에너비스,
51980,중앙첨단소재,중앙첨단소재,
228760,지노믹트리,지노믹트리,
314130,지놈앤컴퍼니,지놈앤컴퍼니,
13890,지누스보통주,지누스,
389030,지니너스,지니너스,
43610,지니뮤직,지니뮤직,
263860,지니언스,지니언스,
303030,지니틱스,지니틱스,
36180,지더블유바이텍,지더블유바이텍,
208350,지란지교시큐리티,지란지교시큐리티,
289860,지슨,지슨,
144510,지씨셀,지씨셀,
358570,지아이이노베이션,지아이이노베이션,
382480,지아이텍,지아이텍,
382800,지앤비에스 에코,지앤비에스 에코,
299480,지앤이헬스케어,지앤이헬스케어,
51160,지어소프트,지어소프트,
1250,지에스글로벌보통주,GS글로벌,
7070,지에스리테일보통주,GS리테일,
53050,지에스이,지에스이,
130500,지에이치신소재,GH신소재,
388610,지에프씨생명과학,지에프씨생명과학,
119850,지엔씨에너지,지엔씨에너지,
65060,지엔코,지엔코,
204840,지엘팜텍,지엘팜텍,
13870,지엠비코리아보통주,지엠비코리아,
71320,지역난방공사보통주,지역난방공사,
270520,지오릿에너지,지오릿에너지,
311320,지오엘리먼트,지오엘리먼트,
388050,지투파워,지투파워,
88790,진도 보통주,진도,
18120,진로발효,진로발효,
109820,진매트릭스,진매트릭스,
86060,진바이오텍,진바이오텍,
36890,진성티이씨,진성티이씨,
363250,진시스템,진시스템,
3780,진양산업보통주,진양산업,
7370,진양제약,진양제약,
10640,진양폴리우레탄보통주,진양폴리,
100250,진양홀딩스보통주,진양홀딩스,
51630,진양화학보통주,진양화학,
272450,진에어보통주,진에어,
285800,진영,진영,
11000,진원생명과학보통주,진원생명과학,
250030,진코스텍,진코스텍,
2785,진흥기업1우선주(신형),진흥기업우B,
2787,진흥기업2우선주(신형),진흥기업2우B,
2780,진흥기업보통주,진흥기업,
233990,질경이,질경이,
85660,차바이오텍,차바이오텍,
261780,차백신연구소,차백신연구소,
900250,차이나크리스탈신소재홀딩스,크리스탈신소재,
9310,참엔지니어링보통주,참엔지니어링,
94850,참좋은여행,참좋은여행,
4650,창해에탄올,창해에탄올,
278280,천보,천보,
650,천일고속보통주,천일고속,
362320,청담글로벌,청담글로벌,
12600,청호ICT보통주,청호ICT,
66360,체리부로,체리부로,
33250,체시스보통주,체시스,
47820,초록뱀미디어,초록뱀미디어,
94360,칩스앤미디어,칩스앤미디어,
16920,카스,카스,
284620,카이노스메드,카이노스메드,
446600,카이바이오텍,카이바이오텍,
293490,카카오게임즈,카카오게임즈,
323410,카카오뱅크보통주,카카오뱅크,
35720,카카오보통주,카카오,
377300,카카오페이보통주,카카오페이,
140430,카티스,카티스,
42000,카페24,카페24,
6380,카프로보통주,카프로,
313760,캐리,캐리,
317530,캐리소프트,캐리소프트,
71850,캐스텍코리아,캐스텍코리아,
50110,캠시스,캠시스,
452300,캡스톤파트너스,캡스톤파트너스,
119860,커넥트웨이브,커넥트웨이브,
451760,컨텍,컨텍,
900310,컬러레이홀딩스,컬러레이,
78340,컴투스,컴투스,
63080,컴투스홀딩스,컴투스홀딩스,
307930,컴퍼니케이파트너스,컴퍼니케이,
79190,케스피온,케스피온,
263700,케어랩스,케어랩스,
214370,케어젠,케어젠,
221980,케이디켐,케이디켐,
900280,케이만금세기차륜집단유한공사,골든센츄리,
38530,케이바이오,케이바이오,
1620,케이비아이동국실업보통주,케이비아이동국실업,
24840,케이비아이메탈,KBI메탈,
424140,케이비제21호기업인수목적,케이비제21호스팩,
455250,케이비제25호기업인수목적 주식회사,KB제25호스팩,
458320,케이비제26호기업인수목적,KB제26호스팩,
464680,케이비제27호기업인수목적,KB제27호스팩,
476470,케이비제28호기업인수목적,KB제28호스팩,
478390,케이비제29호기업인수목적,KB제29호스팩,
318000,케이비지,KBG,
192250,케이사인,케이사인,
9440,케이씨그린홀딩스보통주,KC그린홀딩스,
29460,케이씨보통주,케이씨,
112190,케이씨산업,KC산업,
21320,케이씨씨건설,KCC건설,
344820,케이씨씨글라스보통주,KCC글라스,
36670,케이씨아이,KCI,
115500,케이씨에스,케이씨에스,
119650,케이씨코트렐보통주,KC코트렐,
281820,케이씨텍보통주,케이씨텍,
89150,케이씨티,케이씨티,
25880,케이씨피드,케이씨피드,
15590,케이아이비플러그에너지보통주,KIB플러그에너지,
93320,케이아이엔엑스,케이아이엔엑스,
93640,케이알엠,케이알엠,
44450,케이에스에스 해운 보통주,KSS해운,
101000,케이에스인더스트리,KS인더스트리,
73010,케이에스피,케이에스피,
226360,케이에이치건설,KH 건설,
111870,케이에이치미래물산,KH 미래물산,
60720,케이에이치바텍,KH바텍,
122450,케이엑스이노베이션,KX,
52900,케이엑스하이텍,KX하이텍,
105330,케이엔더블유,케이엔더블유,
53080,케이엔솔,케이엔솔,
199430,케이엔알시스템,케이엔알시스템,
432470,케이엔에스,케이엔에스,
58400,케이엔엔,KNN,
272110,케이엔제이,케이엔제이,
39420,케이엘넷,케이엘넷,
83550,케이엠,케이엠,
32500,케이엠더블유,케이엠더블유,
225430,케이엠제약,케이엠제약,
102370,케이옥션,케이옥션,
68100,케이웨더,케이웨더,
92220,케이이씨 보통주,KEC,
46440,케이지모빌리언스,KG모빌리언스,
151860,케이지에코솔루션,KG에코솔루션,
35600,케이지이니시스,KG이니시스,
381970,케이카보통주,케이카,
145270,케이탑리츠보통주,케이탑리츠,
30200,케이티보통주,KT,
53210,케이티스카이라이프,스카이라이프,
58850,케이티씨에스보통주,KTcs,
58860,케이티아이에스보통주,KTis,
36030,케이티알파,케이티알파,
33780,케이티앤지보통주,KT&G,
64820,케이프,케이프,
256940,케이피에스,케이피에스,
24880,케이피에프,케이피에프,
42040,케이피엠테크,케이피엠테크,
54410,케이피티유,케이피티유,
258610,케일럼,케일럼,
274090,켄코아에어로스페이스,켄코아에어로스페이스,
402420,켈스,켈스,
89010,켐트로닉스,켐트로닉스,
220260,켐트로스,켐트로스,
176590,코나솔,코나솔,
52400,코나아이,코나아이,
402030,코난테크놀로지,코난테크놀로지,
391710,코닉오토메이션,코닉오토메이션,
46070,코다코,코다코,
47770,코데즈컴바인,코데즈컴바인,
80530,코디,코디,
417310,코람코더원리츠보통주,코람코더원리츠,
357120,코람코라이프인프라리츠보통주,코람코라이프인프라리츠,
104540,코렌텍,코렌텍,
27050,코리아나화장품,코리아나,
7815,코리아써키트1우선주,코리아써우,
00781K,코리아써키트2우선주(신형),코리아써키트2우B,
7810,코리아써키트보통주,코리아써키트,
190650,코리아에셋투자증권,코리아에셋투자증권,
123410,코리아에프티,코리아에프티,
3690,코리안리재보험보통주,코리안리,
36690,코맥스,코맥스,
49430,코메론,코메론,
183300,코미코,코미코,
41960,코미팜,코미팜,
89890,코세스,코세스,
360350,코셈,코셈,
82660,코스나인,코스나인,
192820,코스맥스보통주,코스맥스,
44820,코스맥스비티아이 주식회사 보통주,코스맥스비티아이,
222040,코스맥스엔비티,코스맥스엔비티,
241710,코스메카코리아,코스메카코리아,
5070,코스모신소재보통주,코스모신소재,
5420,코스모화학보통주,코스모화학,
355150,코스텍시스,코스텍시스,
169670,코스텍시스템,코스텍시스템,
71950,코아스보통주,코아스,
166480,코아스템켐온,코아스템켐온,
45970,코아시아,코아시아,
196450,코아시아씨엠,코아시아씨엠,
384470,코어라인소프트,코어라인소프트,
29960,코엔텍,코엔텍,
2025,코오롱1우선주,코오롱우,
3075,코오롱글로벌1우선주,코오롱글로벌우,
3070,코오롱글로벌보통주,코오롱글로벌,
45014K,코오롱모빌리티그룹1우선주,코오롱모빌리티그룹우,
450140,코오롱모빌리티그룹보통주,코오롱모빌리티그룹,
2020,코오롱보통주,코오롱,
102940,코오롱생명과학,코오롱생명과학,
138490,코오롱이앤피보통주,코오롱ENP,
120115,코오롱인더스트리1우선주,코오롱인더우,
120110,코오롱인더스트리보통주,코오롱인더,
950160,코오롱티슈진,코오롱티슈진,
21240,코웨이보통주,코웨이,
33290,코웰패션,코웰패션,
56360,코위버,코위버,
282880,코윈테크,코윈테크,
121850,코이즈,코이즈,
448710,코츠테크놀로지,코츠테크놀로지,
126730,코칩,코칩,
15710,코콤,코콤,
52330,코텍,코텍,
322780,코퍼스코리아,코퍼스코리아,
36420,콘텐트리중앙보통주,콘텐트리중앙,
200130,콜마비앤에이치,콜마비앤에이치,
24720,콜마홀딩스보통주,콜마홀딩스,
31820,콤텍시스템보통주,콤텍시스템,
294570,쿠콘,쿠콘,
192400,쿠쿠홀딩스보통주,쿠쿠홀딩스,
284740,쿠쿠홈시스보통주,쿠쿠홈시스,
317690,퀀타매트릭스,퀀타매트릭스,
78940,퀀타피아,퀀타피아,
227100,퀀텀온,퀀텀온,
432720,퀄리타스반도체,퀄리타스반도체,
456190,큐라켐,큐라켐,
365270,큐라클,큐라클,
86460,큐러블,큐러블,
60280,큐렉소,큐렉소,
372320,큐로셀,큐로셀,
51780,큐로홀딩스,큐로홀딩스,
115180,큐리언트,큐리언트,
445680,큐리옥스바이오시스템즈,큐리옥스바이오시스템즈,
182360,큐브엔터테인먼트,큐브엔터,
405100,큐알티,큐알티,
66310,큐에스아이,큐에스아이,
136660,큐엠씨,큐엠씨,
16600,큐캐피탈파트너스,큐캐피탈,
355390,크라우드웍스,크라우드웍스,
26490K,크라운제과1우선주,크라운제과우,
264900,크라운제과보통주,크라운제과,
5745,크라운해태홀딩스1우선주,크라운해태홀딩스우,
5740,크라운해태홀딩스보통주,크라운해태홀딩스,
259960,크래프톤보통주,크래프톤,
96240,크레버스,크레버스,
40350,크레오에스지,크레오에스지,
215570,크로넥스,크로넥스,
110790,크리스에프앤씨,크리스에프앤씨,
45520,크린앤사이언스,크린앤사이언스,
36170,클라우드에어,클라우드에어,
214150,클래시스,클래시스,
352770,클리노믹스,클리노믹스,
237880,클리오,클리오,
139670,키네마스터,키네마스터,
20120,키다리스튜디오보통주,키다리스튜디오,
413600,키움제6호기업인수목적,키움제6호스팩,
433530,키움제7호기업인수목적,키움제7호스팩,
446840,키움제8호기업인수목적,키움제8호스팩,
39490,키움증권보통주,키움증권,
54780,키이스트,키이스트,
336040,타스컴,타스컴,
219130,타이거일렉,타이거일렉,
346010,타이드,타이드,
318660,타임기술,타임기술,
434190,탈로스,탈로스,
360070,탑머티리얼,탑머티리얼,
180060,탑선,탑선,
65130,탑엔지니어링,탑엔지니어링,
134580,탑코미디어,탑코미디어,
14580,태경비케이보통주,태경비케이,
15890,태경산업보통주,태경산업,
6890,태경케미컬보통주,태경케미컬,
23160,태광,태광,
3240,태광산업보통주,태광산업,
11280,태림포장보통주,태림포장,
323280,태성,태성,
53620,태양,태양,
52960,태양3C,태양3C,
4105,태양금속공업1우선주,태양금속우,
4100,태양금속공업보통주,태양금속,
116100,태양기계 주식회사,태양기계,
9410,태영건설보통주,태영건설,
9415,태영건설우선주,태영건설우,
44490,태웅,태웅,
124560,태웅로직스,태웅로직스,
1420,태원물산보통주,태원물산,
191420,테고사이언스,테고사이언스,
73640,테라사이언스,테라사이언스,
66700,테라젠이텍스,테라젠이텍스,
95610,테스,테스,
55490,테이팩스보통주,테이팩스,
308700,테크엔,테크엔,
64520,테크엘,테크엘,
89030,테크윙,테크윙,
258050,테크트랜스,테크트랜스,
54450,텔레칩스,텔레칩스,
78000,텔코웨어 보통주,텔코웨어,
200230,텔콘알에프제약,텔콘RF제약,
214420,토니모리보통주,토니모리,
393210,토마토시스템,토마토시스템,
215480,토박스코리아,토박스코리아,
51360,토비스,토비스,
45340,토탈소프트뱅크,토탈소프트,
108230,톱텍,톱텍,
79970,투비소프트,투비소프트,
199800,툴젠,툴젠,
417790,트루엔,트루엔,
290090,트윔,트윔,
26150,특수건설,특수건설,
322180,티라유텍,티라유텍,
117730,티로보틱스,티로보틱스,
33830,티비씨,티비씨,
57680,티사이언티픽,티사이언티픽,
204610,티쓰리엔터테인먼트,티쓰리,
64760,티씨케이,티씨케이,
246710,티앤알바이오팹,티앤알바이오팹,
340570,티앤엘,티앤엘,
43220,티에스넥스젠,티에스넥스젠,
277880,티에스아이,티에스아이,
131290,티에스이,티에스이,
246690,티에스인베스트먼트,TS인베스트먼트,
317240,티에스트릴리온,TS트릴리온,
19180,티에이치엔보통주,티에이치엔,
425420,티에프이,티에프이,
131100,티엔엔터테인먼트,티엔엔터테인먼트,
356860,티엘비,티엘비,
62860,티엘아이,티엘아이,
413300,티엘엔지니어링,티엘엔지니어링,
2900,티와이엠보통주,TYM,
36328K,티와이홀딩스1우선주,티와이홀딩스우,
363280,티와이홀딩스보통주,티와이홀딩스,
321550,티움바이오,티움바이오,
91810,티웨이항공보통주,티웨이항공,
4870,티웨이홀딩스보통주,티웨이홀딩스,
425040,티이엠씨,티이엠씨,
241790,티이엠씨씨엔에스,티이엠씨씨엔에스,
32540,티제이미디어,TJ미디어,
22220,티케이지애강,TKG애강,
69260,티케이지휴켐스보통주,TKG휴켐스,
104480,티케이케미칼,티케이케미칼,
81150,티플랙스,티플랙스,
7980,티피보통주,TP,
130740,티피씨,티피씨글로벌,
48770,티피씨메카트로닉스,TPC,
217880,틸론,틸론,
84730,팅크웨어,팅크웨어,
440110,파두,파두,
34230,파라다이스보통주,파라다이스,
33540,파라텍,파라텍,
388870,파로스아이바이오,파로스아이바이오,
43200,파루,파루,
214450,파마리서치,파마리서치,
217950,파마리서치바이오,파마리서치바이오,
208340,파멥신,파멥신,
5690,파미셀보통주,파미셀,
177830,파버나인,파버나인,
37070,파세코,파세코,
150900,파수,파수,
37030,파워넷,파워넷,
47310,파워로직스,파워로직스,
266870,파워풀엑스,파워풀엑스,
368770,파이버프로,파이버프로,
170790,파이오링크,파이오링크,
49120,파인디앤씨,파인디앤씨,
38950,파인디지털,파인디지털,
441270,파인엠텍,파인엠텍,
106240,파인테크닉스,파인테크닉스,
131760,파인텍,파인텍,
65690,파커스,파커스,
140860,파크시스템스,파크시스템스,
91700,파트론,파트론,
202960,판도라티비,판도라티비,
32800,판타지오,판타지오,
318010,팜스빌,팜스빌,
36580,팜스코보통주,팜스코,
27710,팜스토리,팜스토리,
4720,팜젠사이언스보통주,팜젠사이언스,
266350,팡스카이,팡스카이,
225590,패션플랫폼,패션플랫폼,
54300,팬스타엔터프라이즈,팬스타엔터프라이즈,
68050,팬엔터테인먼트,팬엔터테인먼트,
28670,팬오션보통주,팬오션,
222110,팬젠,팬젠,
271830,팸텍,팸텍,
10820,퍼스텍보통주,퍼스텍,
16800,퍼시스보통주,퍼시스,
263750,펄어비스,펄어비스,
251970,펌텍코리아,펌텍코리아,
1020,페이퍼코리아보통주,페이퍼코리아,
327610,펨토바이오메드,펨토바이오메드,
168360,펨트론,펨트론,
87010,펩트론,펩트론,
90080,평화산업 주식회사 보통주,평화산업,
10770,평화홀딩스보통주,평화홀딩스,
64800,포니링크,포니링크,
119500,포메탈,포메탈,
389140,포바이포,포바이포,
105760,포스뱅크,포스뱅크,
22100,포스코DX보통주,포스코DX,
58430,포스코스틸리온보통주,포스코스틸리온,
47050,포스코인터내셔널보통주,포스코인터내셔널,
3670,포스코퓨처엠보통주,포스코퓨처엠,
5490,포스코홀딩스보통주,POSCO홀딩스,
189690,포시에스,포시에스,
318020,포인트모바일,포인트모바일,
256630,포인트엔지니어링,포인트엔지니어링,
331380,포커스에이치엔에스,포커스에이치엔에스,
472850,폰드그룹,폰드그룹,
234100,폴라리스세원,폴라리스세원,
39980,폴라리스에이아이,폴라리스AI,
41910,폴라리스에이아이파마,폴라리스AI파마,
41020,폴라리스오피스,폴라리스오피스,
114630,폴라리스우노,폴라리스우노,
290720,푸드나무,푸드나무,
5670,푸드웰,푸드웰,
94940,푸른기술,푸른기술,
7330,푸른상호저축은행,푸른저축은행,
57880,푸른소나무,푸른소나무,
17810,풀무원보통주,풀무원,
93380,풍강,풍강,
23900,풍국주정공업,풍국주정,
103140,풍산 보통주,풍산,
5810,풍산홀딩스보통주,풍산홀딩스,
371950,풍원정밀,풍원정밀,
370090,퓨런티어,퓨런티어,
445180,퓨릿,퓨릿,
151910,퓨처코어,퓨처코어,
341170,퓨쳐메디신,퓨쳐메디신,
220100,퓨쳐켐,퓨쳐켐,
35200,프럼파스트,프럼파스트,
334970,프레스티지바이오로직스,프레스티지바이오로직스,
950210,프레스티지바이오파마KDR,프레스티지바이오파마,
321260,프로이천,프로이천,
296160,프로젠,프로젠,
53610,프로텍,프로텍,
303360,프로티아,프로티아,
377220,프롬바이오,프롬바이오,
335810,프리시젼바이오,프리시젼바이오,
53160,프리엠스,프리엠스,
405000,플라즈맵,플라즈맵,
41590,플래스크,플래스크,
367000,플래티어,플래티어,
75130,플랜티넷,플랜티넷,
222670,플럼라인생명과학,플럼라인생명과학,
9810,플레이그램보통주,플레이그램,
237820,플레이디,플레이디,
23770,플레이위드코리아,플레이위드,
19570,플루토스투자,플루토스,
300080,플리토,플리토,
32580,피델릭스,피델릭스,
51380,피씨디렉트,피씨디렉트,
241820,피씨엘,피씨엘,
178920,피아이첨단소재보통주,PI첨단소재,
237750,피앤씨테크,피앤씨테크,
319660,피에스케이,피에스케이,
31980,피에스케이홀딩스,피에스케이홀딩스,
2230,피에스텍,피에스텍,
43370,피에이치에이,피에이치에이,
239890,피엔에이치테크,피엔에이치테크,
347740,피엔케이피부임상연구센타,피엔케이피부임상연구센타,
137400,피엔티,피엔티,
257370,피엔티엠에스,피엔티엠에스,
24940,피엔풍년,PN풍년,
147760,피엠티,피엠티,
128660,피제이메탈,피제이메탈,
6140,피제이전자,피제이전자,
376180,피코그램,피코그램,
304840,피플바이오,피플바이오,
62970,피피아이,피피아이,
87600,픽셀플러스,픽셀플러스,
291810,핀텔,핀텔,
378340,필에너지,필에너지,
161580,필옵틱스,필옵틱스,
347770,핌스,핌스,
163730,핑거,핑거,
417180,핑거스토리,핑거스토리,
446750,하나26호기업인수목적,하나26호스팩,
448370,하나27호기업인수목적,하나27호스팩,
454750,하나28호기업인수목적,하나28호스팩,
454640,하나29호기업인수목적,하나29호스팩,
469880,하나30호기업인수목적,하나30호스팩,
469900,하나31호기업인수목적,하나31호스팩,
475240,하나32호기업인수목적,하나32호스팩,
475250,하나33호기업인수목적,하나33호스팩,
406760,하나금융21호기업인수목적,하나금융21호스팩,
418170,하나금융22호기업인수목적,하나금융22호스팩,
430230,하나금융24호기업인수목적,하나금융24호스팩,
435620,하나금융25호기업인수목적,하나금융25호스팩,
86790,하나금융지주보통주,하나금융지주,
299030,하나기술,하나기술,
67310,하나마이크론,하나마이크론,
166090,하나머티리얼즈,하나머티리얼즈,
293480,하나제약보통주,하나제약,
39130,하나투어보통주,하나투어,
136480,하림,하림,
3380,하림지주,하림지주,
450330,하스,하스,
101670,하이드로리튬,하이드로리튬,
365590,하이딥,하이딥,
149980,하이로닉,하이로닉,
13030,하이록코리아,하이록코리아,
352820,하이브보통주,하이브,
126700,하이비젼시스템,하이비젼시스템,
106080,하이소닉,하이소닉,
71090,하이스틸 보통주,하이스틸,
400840,하이제7호기업인수목적,하이제7호스팩,
450050,하이제8호기업인수목적,하이제8호스팩,
160190,하이젠알앤엠,하이젠알앤엠,
221840,하이즈항공,하이즈항공,
106190,하이텍팜,하이텍팜,
19490,하이트론씨스템즈보통주,하이트론,
87,하이트진로2우선주(신형),하이트진로2우B,
80,하이트진로보통주,하이트진로,
145,하이트진로홀딩스1우선주,하이트진로홀딩스우,
140,하이트진로홀딩스보통주,하이트진로홀딩스,
65650,하이퍼코퍼레이션,하이퍼코퍼레이션,
66130,하츠,하츠,
4590,한국가구,한국가구,
36460,한국가스공사보통주,한국가스공사,
39340,한국경제티브이,한국경제TV,
5430,한국공항보통주,한국공항,
34950,한국기업평가,한국기업평가,
10040,한국내화보통주,한국내화,
25540,한국단자공업보통주,한국단자,
222980,한국맥널티,한국맥널티,
10100,한국무브넥스보통주,한국무브넥스,
331660,한국미라클피플사,한국미라클피플사,
256840,한국비엔씨,한국비엔씨,
219750,한국비티비,한국비티비,
4090,한국석유공업보통주,한국석유,
25550,한국선재,한국선재,
2200,한국수출포장공업보통주,한국수출포장,
2960,한국쉘석유보통주,한국쉘석유,
17890,한국알콜산업,한국알콜,
240,한국앤컴퍼니보통주,한국앤컴퍼니,
33270,한국유나이티드제약 보통주,유나이티드제약,
80720,한국유니온제약,한국유니온제약,
123890,한국자산신탁보통주,한국자산신탁,
15760,한국전력공사보통주,한국전력,
52690,한국전력기술 보통주,한전기술,
63570,한국전자금융,한국전자금융,
41460,한국전자인증,한국전자인증,
6200,한국전자홀딩스보통주,한국전자홀딩스,
101680,한국정밀기계,한국정밀기계,
39740,한국정보공학,한국정보공학,
53300,한국정보인증,한국정보인증,
25770,한국정보통신,한국정보통신,
436610,한국제11호기업인수목적,한국제11호스팩,
458610,한국제12호기업인수목적,한국제12호스팩,
464440,한국제13호기업인수목적,한국제13호스팩,
477530,한국제14호기업인수목적,한국제14호스팩,
479880,한국제15호기업인수목적,한국제15호스팩,
27970,한국제지보통주,한국제지,
23350,한국종합기술보통주,한국종합기술,
25890,한국주강보통주,한국주강,
970,한국주철관공업보통주,한국주철관,
104700,한국철강보통주,한국철강,
17960,한국카본보통주,한국카본,
23760,한국캐피탈,한국캐피탈,
54040,한국컴퓨터,한국컴퓨터,
161890,한국콜마보통주,한국콜마,
21650,한국큐빅,한국큐빅,
161390,한국타이어앤테크놀로지보통주,한국타이어앤테크놀로지,
53590,한국테크놀로지,한국테크놀로지,
34830,한국토지신탁보통주,한국토지신탁,
152550,한국투자ANKOR유전해외자원개발특별자산투자회사1호(지분증권),한국ANKOR유전,
168490,한국투자Parallel유전해외자원개발특별자산투자회사1호,한국패러랠,
71055,한국투자금융지주1우선주,한국금융지주우,
71050,한국투자금융지주보통주,한국금융지주,
7280,한국특강보통주,한국특강,
32300,한국파마,한국파마,
37230,한국팩키지,한국팩키지,
448900,한국피아이엠,한국피아이엠,
47810,한국항공우주산업보통주,한국항공우주,
123690,한국화장품보통주,한국화장품,
3350,한국화장품제조보통주,한국화장품제조,
30520,한글과컴퓨터,한글과컴퓨터,
52600,한네트,한네트,
11500,한농화성보통주,한농화성,
2390,한독보통주,한독,
256150,한독크린텍,한독크린텍,
92460,한라아이엠에스,한라IMS,
53690,한미글로벌건축사사무소보통주,한미글로벌,
42700,한미반도체보통주,한미반도체,
8930,한미사이언스보통주,한미사이언스,
128940,한미약품보통주,한미약품,
452190,한빛레이저,한빛레이저,
47080,한빛소프트,한빛소프트,
9240,한샘보통주,한샘,
452280,한선엔지니어링,한선엔지니어링,
20000,한섬보통주,한섬,
3680,한성기업보통주,한성기업,
66980,한성크린텍,한성크린텍,
105630,한세실업보통주,한세실업,
69640,한세엠케이보통주,한세엠케이,
16450,한세예스24홀딩스보통주,한세예스24홀딩스,
10420,한솔PNS보통주,한솔PNS,
9180,한솔로지스틱스보통주,한솔로지스틱스,
114810,한솔아이원스,한솔아이원스,
70590,한솔인티큐브,한솔인티큐브,
213500,한솔제지보통주,한솔제지,
14680,한솔케미칼보통주,한솔케미칼,
4710,한솔테크닉스보통주,한솔테크닉스,
4150,한솔홀딩스보통주,한솔홀딩스,
25750,한솔홈데코보통주,한솔홈데코,
226440,한송네오텍,한송네오텍,
42520,한스바이오메드,한스바이오메드,
4960,한신공영보통주,한신공영,
11700,한신기계공업보통주,한신기계,
430690,한싹,한싹,
78350,한양디지텍,한양디지텍,
45100,한양이엔지,한양이엔지,
1755,한양증권1우선주,한양증권우,
1750,한양증권보통주,한양증권,
18880,한온시스템보통주,한온시스템,
9420,한올바이오파마보통주,한올바이오파마,
91440,한울소재과학,한울소재과학,
14130,한익스프레스보통주,한익스프레스,
24740,한일단조공업,한일단조,
5860,한일사료,한일사료,
300720,한일시멘트보통주,한일시멘트,
2220,한일철강보통주,한일철강,
6390,한일현대시멘트보통주,한일현대시멘트,
3300,한일홀딩스보통주,한일홀딩스,
7770,한일화학공업,한일화학,
51600,한전KPS 보통주,한전KPS,
130660,한전산업개발보통주,한전산업,
198940,한주라이트메탈,한주라이트메탈,
58450,한주에이알티,한주에이알티,
107640,한중엔시에스,한중엔시에스,
2320,한진보통주,한진,
3480,한진중공업홀딩스보통주,한진중공업홀딩스,
18064K,한진칼1우선주,한진칼우,
180640,한진칼보통주,한진칼,
5110,한창보통주,한창,
79170,한창산업,한창산업,
9460,한창제지보통주,한창제지,
372910,한컴라이프케어보통주,한컴라이프케어,
54920,한컴위드,한컴위드,
2680,한탑,한탑,
885,한화1우선주,한화우,
00088K,한화3우선주(신형),한화3우B,
45226K,한화갤러리아1우선주,한화갤러리아우,
452260,한화갤러리아보통주,한화갤러리아,
451800,한화리츠보통주,한화리츠,
880,한화보통주,한화,
88350,한화생명보험보통주,한화생명,
370,한화손해보험보통주,한화손해보험,
9835,한화솔루션1우선주,한화솔루션우,
9830,한화솔루션보통주,한화솔루션,
272210,한화시스템보통주,한화시스템,
12450,한화에어로스페이스보통주,한화에어로스페이스,
82740,한화엔진보통주,한화엔진,
42660,한화오션보통주,한화오션,
3535,한화투자증권1우선주,한화투자증권우,
3530,한화투자증권보통주,한화투자증권,
430460,한화플러스제3호기업인수목적,한화플러스제3호스팩,
455310,한화플러스제4호기업인수목적,한화플러스제4호스팩,
195870,해성디에스보통주,해성디에스,
34810,해성산업,해성산업,
03481K,해성산업1우선주,해성산업1우,
59270,해성에어로보틱스,해성에어로보틱스,
76610,해성옵틱스,해성옵틱스,
101530,해태제과식품주식회사,해태제과식품,
220180,핸디소프트,핸디소프트,
143210,핸즈코퍼레이션보통주,핸즈코퍼레이션,
900270,헝셩그룹유한회사,헝셩그룹,
214180,헥토이노베이션,헥토이노베이션,
234340,헥토파이낸셜,헥토파이낸셜,
84990,헬릭스미스,헬릭스미스,
725,현대건설1우선주,현대건설우,
720,현대건설보통주,현대건설,
170030,현대공업,현대공업,
453340,현대그린푸드보통주,현대그린푸드,
86280,현대글로비스보통주,현대글로비스,
64350,현대로템보통주,현대로템,
79430,현대리바트보통주,현대리바트,
12330,현대모비스보통주,현대모비스,
319400,현대무벡스,현대무벡스,
52260,현대바이오랜드,현대바이오랜드,
48410,현대바이오사이언스,현대바이오,
69960,현대백화점보통주,현대백화점,
4560,현대비앤지스틸보통주,현대비앤지스틸,
16790,현대사료,현대사료,
4310,현대약품보통주,현대약품,
41440,현대에버다임,현대에버다임,
39010,현대에이치티,현대에이치티,
17800,현대엘리베이터보통주,현대엘리베이,
307950,현대오토에버보통주,현대오토에버,
11210,현대위아보통주,현대위아,
90850,현대이지웰,현대이지웰,
5385,현대자동차1우선주,현대차우,
5387,현대자동차2우선주(신형),현대차2우B,
5389,현대자동차3우선주(신형),현대차3우B,
5380,현대자동차보통주,현대차,
4020,현대제철 보통주,현대제철,
5440,현대지에프홀딩스보통주,현대지에프홀딩스,
1500,현대차증권보통주,현대차증권,
11760,현대코퍼레이션보통주,현대코퍼레이션,
227840,현대코퍼레이션홀딩스보통주,현대코퍼레이션홀딩스,
126560,현대퓨처넷보통주,현대퓨처넷,
1450,현대해상화재보험보통주,현대해상,
57050,현대홈쇼핑보통주,현대홈쇼핑,
460930,현대힘스,현대힘스,
92300,현우산업,현우산업,
138360,협진,협진,
11080,형지아이앤씨,형지I&C,
93240,형지엘리트보통주,형지엘리트,
3010,혜인보통주,혜인,
111110,호전실업보통주,호전실업,
8775,호텔신라1우선주,호텔신라우,
8770,호텔신라보통주,호텔신라,
60560,홈센타홀딩스,홈센타홀딩스,
64240,홈캐스트,홈캐스트,
39610,화성밸브,화성밸브,
2460,화성산업보통주,화성산업,
378850,화승알앤에이보통주,화승알앤에이,
241590,화승엔터프라이즈보통주,화승엔터프라이즈,
6060,화승인더스트리보통주,화승인더,
13520,화승코퍼레이션보통주,화승코퍼레이션,
10690,화신보통주,화신,
126640,화신정공,화신정공,
133820,화인베스틸보통주,화인베스틸,
127980,화인써키트,화인써키트,
61250,화일약품,화일약품,
10660,화천기계보통주,화천기계,
850,화천기공보통주,화천기공,
16580,환인제약보통주,환인제약,
32560,황금에스티보통주,황금에스티,
4800,효성보통주,효성,
94280,효성아이티엑스 보통주,효성ITX,
97870,효성오앤비,효성오앤비,
298040,효성중공업보통주,효성중공업,
298050,효성첨단소재보통주,효성첨단소재,
298020,효성티앤씨보통주,효성티앤씨,
298000,효성화학보통주,효성화학,
93370,후성 보통주,후성,
81660,휠라홀딩스보통주,휠라홀딩스,
290270,휴네시온,휴네시온,
5870,휴니드테크놀러지스보통주,휴니드,
353190,휴럼,휴럼,
192410,휴림네트웍스,휴림네트웍스,
90710,휴림로봇,휴림로봇,
78590,휴림에이텍,휴림에이텍,
205470,휴마시스,휴마시스,
115160,휴맥스,휴맥스,
28080,휴맥스홀딩스,휴맥스홀딩스,
175140,휴먼테크놀로지,휴먼테크놀로지,
200670,휴메딕스,휴메딕스,
79980,휴비스보통주,휴비스,
65510,휴비츠,휴비츠,
215090,휴센텍,휴센텍,
5010,휴스틸보통주,휴스틸,
263920,휴엠앤씨,휴엠앤씨,
243070,휴온스,휴온스,
84110,휴온스글로벌,휴온스글로벌,
145020,휴젤,휴젤,
24060,흥구석유,흥구석유,
10240,흥국,흥국,
189980,흥국에프엔비,흥국에프엔비,
545,흥국화재해상보험1우선주,흥국화재우,
540,흥국화재해상보험보통주,흥국화재,
3280,흥아해운보통주,흥아해운,
37440,희림종합건축사사무소,희림,
238490,힘스,힘스,